chart,month,category,series,x,count,rate,rm_millions,rm,number,label,detail,status,status_text,sort
card_categories,,Airlines and travel,,,,,9.4801,,,,,,,3
card_categories,,Clothing,,,,,4.9157,,,,,,,7
card_categories,,E-hailing and taxis,,,,,4.4833,,,,,,,9
card_categories,,Electronics,,,,,4.7467,,,,,,,8
card_categories,,Fast food,,,,,4.9225,,,,,,,6
card_categories,,Fuel,,,,,8.5802,,,,,,,4
card_categories,,Groceries,,,,,14.7744,,,,,,,2
card_categories,,Online marketplaces,,,,,17.3423,,,,,,,1
card_categories,,Pharmacies,,,,,2.7272,,,,,,,12
card_categories,,Restaurants,,,,,8.2652,,,,,,,5
card_categories,,Streaming and subscriptions,,,,,3.0635,,,,,,,11
card_categories,,Telco and bills,,,,,4.4621,,,,,,,10
channel_cost,,Cashback affiliates,Per customer active in month 3,,,,,64.6836,,,,,,4
channel_cost,,Cashback affiliates,Per new customer,,,,,31.3418,,,,,,4
channel_cost,,Google Search,Per customer active in month 3,,,,,59.0905,,,,,,3
channel_cost,,Google Search,Per new customer,,,,,45.7152,,,,,,3
channel_cost,,Meta,Per customer active in month 3,,,,,43.8253,,,,,,2
channel_cost,,Meta,Per new customer,,,,,30.0971,,,,,,2
channel_cost,,Refer a friend,Per customer active in month 3,,,,,43.1368,,,,,,1
channel_cost,,Refer a friend,Per new customer,,,,,35.0,,,,,,1
channel_cost,,TikTok,Per customer active in month 3,,,,,76.899,,,,,,5
channel_cost,,TikTok,Per new customer,,,,,17.4506,,,,,,5
declines,2024-09-01,,Insufficient funds,,69.0,,,,,,,,,
declines,2024-09-01,,Suspected fraud,,14.0,,,,,,,,,
declines,2024-09-01,,Wrong PIN,,21.0,,,,,,,,,
declines,2024-10-01,,Insufficient funds,,161.0,,,,,,,,,
declines,2024-10-01,,Suspected fraud,,32.0,,,,,,,,,
declines,2024-10-01,,Wrong PIN,,74.0,,,,,,,,,
declines,2024-11-01,,Insufficient funds,,250.0,,,,,,,,,
declines,2024-11-01,,Suspected fraud,,45.0,,,,,,,,,
declines,2024-11-01,,Wrong PIN,,96.0,,,,,,,,,
declines,2024-12-01,,Insufficient funds,,313.0,,,,,,,,,
declines,2024-12-01,,Suspected fraud,,98.0,,,,,,,,,
declines,2024-12-01,,Wrong PIN,,170.0,,,,,,,,,
declines,2025-01-01,,Insufficient funds,,437.0,,,,,,,,,
declines,2025-01-01,,Suspected fraud,,126.0,,,,,,,,,
declines,2025-01-01,,Wrong PIN,,145.0,,,,,,,,,
declines,2025-02-01,,Insufficient funds,,527.0,,,,,,,,,
declines,2025-02-01,,Suspected fraud,,139.0,,,,,,,,,
declines,2025-02-01,,Wrong PIN,,239.0,,,,,,,,,
declines,2025-03-01,,Insufficient funds,,681.0,,,,,,,,,
declines,2025-03-01,,Suspected fraud,,182.0,,,,,,,,,
declines,2025-03-01,,Wrong PIN,,292.0,,,,,,,,,
declines,2025-04-01,,Insufficient funds,,758.0,,,,,,,,,
declines,2025-04-01,,Suspected fraud,,176.0,,,,,,,,,
declines,2025-04-01,,Wrong PIN,,314.0,,,,,,,,,
declines,2025-05-01,,Insufficient funds,,913.0,,,,,,,,,
declines,2025-05-01,,Suspected fraud,,227.0,,,,,,,,,
declines,2025-05-01,,Wrong PIN,,372.0,,,,,,,,,
declines,2025-06-01,,Insufficient funds,,1018.0,,,,,,,,,
declines,2025-06-01,,Suspected fraud,,278.0,,,,,,,,,
declines,2025-06-01,,Wrong PIN,,396.0,,,,,,,,,
declines,2025-07-01,,Insufficient funds,,1099.0,,,,,,,,,
declines,2025-07-01,,Suspected fraud,,286.0,,,,,,,,,
declines,2025-07-01,,Wrong PIN,,460.0,,,,,,,,,
declines,2025-08-01,,Insufficient funds,,1221.0,,,,,,,,,
declines,2025-08-01,,Suspected fraud,,335.0,,,,,,,,,
declines,2025-08-01,,Wrong PIN,,539.0,,,,,,,,,
declines,2025-09-01,,Insufficient funds,,1373.0,,,,,,,,,
declines,2025-09-01,,Suspected fraud,,356.0,,,,,,,,,
declines,2025-09-01,,Wrong PIN,,523.0,,,,,,,,,
declines,2025-10-01,,Insufficient funds,,1437.0,,,,,,,,,
declines,2025-10-01,,Suspected fraud,,332.0,,,,,,,,,
declines,2025-10-01,,Wrong PIN,,613.0,,,,,,,,,
declines,2025-11-01,,Insufficient funds,,1635.0,,,,,,,,,
declines,2025-11-01,,Suspected fraud,,421.0,,,,,,,,,
declines,2025-11-01,,Wrong PIN,,695.0,,,,,,,,,
declines,2025-12-01,,Insufficient funds,,1853.0,,,,,,,,,
declines,2025-12-01,,Suspected fraud,,433.0,,,,,,,,,
declines,2025-12-01,,Wrong PIN,,754.0,,,,,,,,,
declines,2026-01-01,,Insufficient funds,,1890.0,,,,,,,,,
declines,2026-01-01,,Suspected fraud,,456.0,,,,,,,,,
declines,2026-01-01,,Wrong PIN,,732.0,,,,,,,,,
declines,2026-02-01,,Insufficient funds,,1987.0,,,,,,,,,
declines,2026-02-01,,Suspected fraud,,478.0,,,,,,,,,
declines,2026-02-01,,Wrong PIN,,849.0,,,,,,,,,
declines,2026-03-01,,Insufficient funds,,2247.0,,,,,,,,,
declines,2026-03-01,,Suspected fraud,,561.0,,,,,,,,,
declines,2026-03-01,,Wrong PIN,,929.0,,,,,,,,,
declines,2026-04-01,,Insufficient funds,,2394.0,,,,,,,,,
declines,2026-04-01,,Suspected fraud,,609.0,,,,,,,,,
declines,2026-04-01,,Wrong PIN,,991.0,,,,,,,,,
declines,2026-05-01,,Insufficient funds,,2634.0,,,,,,,,,
declines,2026-05-01,,Suspected fraud,,654.0,,,,,,,,,
declines,2026-05-01,,Wrong PIN,,1005.0,,,,,,,,,
declines,2026-06-01,,Insufficient funds,,2567.0,,,,,,,,,
declines,2026-06-01,,Suspected fraud,,701.0,,,,,,,,,
declines,2026-06-01,,Wrong PIN,,1060.0,,,,,,,,,
declines,2026-07-01,,Insufficient funds,,2814.0,,,,,,,,,
declines,2026-07-01,,Suspected fraud,,726.0,,,,,,,,,
declines,2026-07-01,,Wrong PIN,,1087.0,,,,,,,,,
declines,2026-08-01,,Insufficient funds,,3018.0,,,,,,,,,
declines,2026-08-01,,Suspected fraud,,773.0,,,,,,,,,
declines,2026-08-01,,Wrong PIN,,1174.0,,,,,,,,,
deposit_mix,2024-09-01,,Raya promotion deposits,,,,0.0,,,,,,,
deposit_mix,2024-09-01,,Savings (CASA),,,,2.3619,,,,,,,
deposit_mix,2024-09-01,,Standard fixed deposits,,,,0.0713,,,,,,,
deposit_mix,2024-10-01,,Raya promotion deposits,,,,0.0,,,,,,,
deposit_mix,2024-10-01,,Savings (CASA),,,,5.035,,,,,,,
deposit_mix,2024-10-01,,Standard fixed deposits,,,,0.2625,,,,,,,
deposit_mix,2024-11-01,,Raya promotion deposits,,,,0.0,,,,,,,
deposit_mix,2024-11-01,,Savings (CASA),,,,7.5497,,,,,,,
deposit_mix,2024-11-01,,Standard fixed deposits,,,,0.5573,,,,,,,
deposit_mix,2024-12-01,,Raya promotion deposits,,,,0.0,,,,,,,
deposit_mix,2024-12-01,,Savings (CASA),,,,10.798,,,,,,,
deposit_mix,2024-12-01,,Standard fixed deposits,,,,0.8089,,,,,,,
deposit_mix,2025-01-01,,Raya promotion deposits,,,,0.0,,,,,,,
deposit_mix,2025-01-01,,Savings (CASA),,,,14.4856,,,,,,,
deposit_mix,2025-01-01,,Standard fixed deposits,,,,1.2673,,,,,,,
deposit_mix,2025-02-01,,Raya promotion deposits,,,,0.0,,,,,,,
deposit_mix,2025-02-01,,Savings (CASA),,,,18.4396,,,,,,,
deposit_mix,2025-02-01,,Standard fixed deposits,,,,1.7978,,,,,,,
deposit_mix,2025-03-01,,Raya promotion deposits,,,,3.9219,,,,,,,
deposit_mix,2025-03-01,,Savings (CASA),,,,19.6918,,,,,,,
deposit_mix,2025-03-01,,Standard fixed deposits,,,,1.7866,,,,,,,
deposit_mix,2025-04-01,,Raya promotion deposits,,,,8.5812,,,,,,,
deposit_mix,2025-04-01,,Savings (CASA),,,,21.5488,,,,,,,
deposit_mix,2025-04-01,,Standard fixed deposits,,,,1.7663,,,,,,,
deposit_mix,2025-05-01,,Raya promotion deposits,,,,12.5027,,,,,,,
deposit_mix,2025-05-01,,Savings (CASA),,,,24.2967,,,,,,,
deposit_mix,2025-05-01,,Standard fixed deposits,,,,1.6989,,,,,,,
deposit_mix,2025-06-01,,Raya promotion deposits,,,,12.5027,,,,,,,
deposit_mix,2025-06-01,,Savings (CASA),,,,28.5619,,,,,,,
deposit_mix,2025-06-01,,Standard fixed deposits,,,,2.4898,,,,,,,
deposit_mix,2025-07-01,,Raya promotion deposits,,,,12.5027,,,,,,,
deposit_mix,2025-07-01,,Savings (CASA),,,,34.1005,,,,,,,
deposit_mix,2025-07-01,,Standard fixed deposits,,,,3.3165,,,,,,,
deposit_mix,2025-08-01,,Raya promotion deposits,,,,12.5027,,,,,,,
deposit_mix,2025-08-01,,Savings (CASA),,,,38.2432,,,,,,,
deposit_mix,2025-08-01,,Standard fixed deposits,,,,4.5373,,,,,,,
deposit_mix,2025-09-01,,Raya promotion deposits,,,,8.5808,,,,,,,
deposit_mix,2025-09-01,,Savings (CASA),,,,44.1178,,,,,,,
deposit_mix,2025-09-01,,Standard fixed deposits,,,,7.7664,,,,,,,
deposit_mix,2025-10-01,,Raya promotion deposits,,,,3.9215,,,,,,,
deposit_mix,2025-10-01,,Savings (CASA),,,,50.5283,,,,,,,
deposit_mix,2025-10-01,,Standard fixed deposits,,,,10.4828,,,,,,,
deposit_mix,2025-11-01,,Raya promotion deposits,,,,0.0,,,,,,,
deposit_mix,2025-11-01,,Savings (CASA),,,,56.5698,,,,,,,
deposit_mix,2025-11-01,,Standard fixed deposits,,,,13.6334,,,,,,,
deposit_mix,2025-12-01,,Raya promotion deposits,,,,0.0,,,,,,,
deposit_mix,2025-12-01,,Savings (CASA),,,,60.7612,,,,,,,
deposit_mix,2025-12-01,,Standard fixed deposits,,,,15.6861,,,,,,,
deposit_mix,2026-01-01,,Raya promotion deposits,,,,0.0,,,,,,,
deposit_mix,2026-01-01,,Savings (CASA),,,,65.1335,,,,,,,
deposit_mix,2026-01-01,,Standard fixed deposits,,,,17.3788,,,,,,,
deposit_mix,2026-02-01,,Raya promotion deposits,,,,0.0,,,,,,,
deposit_mix,2026-02-01,,Savings (CASA),,,,70.7714,,,,,,,
deposit_mix,2026-02-01,,Standard fixed deposits,,,,18.965,,,,,,,
deposit_mix,2026-03-01,,Raya promotion deposits,,,,0.0,,,,,,,
deposit_mix,2026-03-01,,Savings (CASA),,,,75.2275,,,,,,,
deposit_mix,2026-03-01,,Standard fixed deposits,,,,20.1938,,,,,,,
deposit_mix,2026-04-01,,Raya promotion deposits,,,,0.0,,,,,,,
deposit_mix,2026-04-01,,Savings (CASA),,,,81.0063,,,,,,,
deposit_mix,2026-04-01,,Standard fixed deposits,,,,21.4053,,,,,,,
deposit_mix,2026-05-01,,Raya promotion deposits,,,,0.0,,,,,,,
deposit_mix,2026-05-01,,Savings (CASA),,,,86.6896,,,,,,,
deposit_mix,2026-05-01,,Standard fixed deposits,,,,23.1794,,,,,,,
deposit_mix,2026-06-01,,Raya promotion deposits,,,,0.0,,,,,,,
deposit_mix,2026-06-01,,Savings (CASA),,,,91.9432,,,,,,,
deposit_mix,2026-06-01,,Standard fixed deposits,,,,25.0254,,,,,,,
deposit_mix,2026-07-01,,Raya promotion deposits,,,,0.0,,,,,,,
deposit_mix,2026-07-01,,Savings (CASA),,,,97.5888,,,,,,,
deposit_mix,2026-07-01,,Standard fixed deposits,,,,27.3238,,,,,,,
deposit_mix,2026-08-01,,Raya promotion deposits,,,,0.0,,,,,,,
deposit_mix,2026-08-01,,Savings (CASA),,,,103.3479,,,,,,,
deposit_mix,2026-08-01,,Standard fixed deposits,,,,28.8347,,,,,,,
fd_retention,,Raya promotion deposits,,,,0.586739,,,,,,,,
fd_retention,,Standard fixed deposits,,,,0.841507,,,,,,,,
funnel_ab,,Account opened,Control,,,0.486797,,,,,,,,6
funnel_ab,,Account opened,Guided,,,0.534342,,,,,,,,6
funnel_ab,,MyKad scanned,Control,,,0.75362,,,,,,,,3
funnel_ab,,MyKad scanned,Guided,,,0.764718,,,,,,,,3
funnel_ab,,Phone verified,Control,,,0.883944,,,,,,,,2
funnel_ab,,Phone verified,Guided,,,0.891455,,,,,,,,2
funnel_ab,,Selfie liveness passed,Control,,,0.525554,,,,,,,,4
funnel_ab,,Selfie liveness passed,Guided,,,0.581153,,,,,,,,4
funnel_ab,,Sign-up started,Control,,,1.0,,,,,,,,1
funnel_ab,,Sign-up started,Guided,,,1.0,,,,,,,,1
funnel_ab,,eKYC approved,Control,,,0.499574,,,,,,,,5
funnel_ab,,eKYC approved,Guided,,,0.551104,,,,,,,,5
new_by_channel,2024-09-01,,Cashback affiliates,,76.0,,,,,,,,,
new_by_channel,2024-09-01,,Google Search,,170.0,,,,,,,,,
new_by_channel,2024-09-01,,Meta,,173.0,,,,,,,,,
new_by_channel,2024-09-01,,Organic,,191.0,,,,,,,,,
new_by_channel,2024-09-01,,Refer a friend,,27.0,,,,,,,,,
new_by_channel,2024-09-01,,TikTok,,139.0,,,,,,,,,
new_by_channel,2024-10-01,,Cashback affiliates,,80.0,,,,,,,,,
new_by_channel,2024-10-01,,Google Search,,162.0,,,,,,,,,
new_by_channel,2024-10-01,,Meta,,204.0,,,,,,,,,
new_by_channel,2024-10-01,,Organic,,199.0,,,,,,,,,
new_by_channel,2024-10-01,,Refer a friend,,21.0,,,,,,,,,
new_by_channel,2024-10-01,,TikTok,,144.0,,,,,,,,,
new_by_channel,2024-11-01,,Cashback affiliates,,105.0,,,,,,,,,
new_by_channel,2024-11-01,,Google Search,,213.0,,,,,,,,,
new_by_channel,2024-11-01,,Meta,,209.0,,,,,,,,,
new_by_channel,2024-11-01,,Organic,,243.0,,,,,,,,,
new_by_channel,2024-11-01,,Refer a friend,,37.0,,,,,,,,,
new_by_channel,2024-11-01,,TikTok,,163.0,,,,,,,,,
new_by_channel,2024-12-01,,Cashback affiliates,,94.0,,,,,,,,,
new_by_channel,2024-12-01,,Google Search,,198.0,,,,,,,,,
new_by_channel,2024-12-01,,Meta,,217.0,,,,,,,,,
new_by_channel,2024-12-01,,Organic,,247.0,,,,,,,,,
new_by_channel,2024-12-01,,Refer a friend,,64.0,,,,,,,,,
new_by_channel,2024-12-01,,TikTok,,192.0,,,,,,,,,
new_by_channel,2025-01-01,,Cashback affiliates,,101.0,,,,,,,,,
new_by_channel,2025-01-01,,Google Search,,186.0,,,,,,,,,
new_by_channel,2025-01-01,,Meta,,202.0,,,,,,,,,
new_by_channel,2025-01-01,,Organic,,211.0,,,,,,,,,
new_by_channel,2025-01-01,,Refer a friend,,81.0,,,,,,,,,
new_by_channel,2025-01-01,,TikTok,,170.0,,,,,,,,,
new_by_channel,2025-02-01,,Cashback affiliates,,88.0,,,,,,,,,
new_by_channel,2025-02-01,,Google Search,,192.0,,,,,,,,,
new_by_channel,2025-02-01,,Meta,,239.0,,,,,,,,,
new_by_channel,2025-02-01,,Organic,,250.0,,,,,,,,,
new_by_channel,2025-02-01,,Refer a friend,,47.0,,,,,,,,,
new_by_channel,2025-02-01,,TikTok,,173.0,,,,,,,,,
new_by_channel,2025-03-01,,Cashback affiliates,,107.0,,,,,,,,,
new_by_channel,2025-03-01,,Google Search,,234.0,,,,,,,,,
new_by_channel,2025-03-01,,Meta,,237.0,,,,,,,,,
new_by_channel,2025-03-01,,Organic,,306.0,,,,,,,,,
new_by_channel,2025-03-01,,Refer a friend,,75.0,,,,,,,,,
new_by_channel,2025-03-01,,TikTok,,214.0,,,,,,,,,
new_by_channel,2025-04-01,,Cashback affiliates,,85.0,,,,,,,,,
new_by_channel,2025-04-01,,Google Search,,226.0,,,,,,,,,
new_by_channel,2025-04-01,,Meta,,221.0,,,,,,,,,
new_by_channel,2025-04-01,,Organic,,337.0,,,,,,,,,
new_by_channel,2025-04-01,,Refer a friend,,77.0,,,,,,,,,
new_by_channel,2025-04-01,,TikTok,,194.0,,,,,,,,,
new_by_channel,2025-05-01,,Cashback affiliates,,86.0,,,,,,,,,
new_by_channel,2025-05-01,,Google Search,,190.0,,,,,,,,,
new_by_channel,2025-05-01,,Meta,,216.0,,,,,,,,,
new_by_channel,2025-05-01,,Organic,,362.0,,,,,,,,,
new_by_channel,2025-05-01,,Refer a friend,,81.0,,,,,,,,,
new_by_channel,2025-05-01,,TikTok,,236.0,,,,,,,,,
new_by_channel,2025-06-01,,Cashback affiliates,,108.0,,,,,,,,,
new_by_channel,2025-06-01,,Google Search,,205.0,,,,,,,,,
new_by_channel,2025-06-01,,Meta,,212.0,,,,,,,,,
new_by_channel,2025-06-01,,Organic,,329.0,,,,,,,,,
new_by_channel,2025-06-01,,Refer a friend,,85.0,,,,,,,,,
new_by_channel,2025-06-01,,TikTok,,227.0,,,,,,,,,
new_by_channel,2025-07-01,,Cashback affiliates,,117.0,,,,,,,,,
new_by_channel,2025-07-01,,Google Search,,249.0,,,,,,,,,
new_by_channel,2025-07-01,,Meta,,240.0,,,,,,,,,
new_by_channel,2025-07-01,,Organic,,294.0,,,,,,,,,
new_by_channel,2025-07-01,,Refer a friend,,116.0,,,,,,,,,
new_by_channel,2025-07-01,,TikTok,,232.0,,,,,,,,,
new_by_channel,2025-08-01,,Cashback affiliates,,92.0,,,,,,,,,
new_by_channel,2025-08-01,,Google Search,,221.0,,,,,,,,,
new_by_channel,2025-08-01,,Meta,,235.0,,,,,,,,,
new_by_channel,2025-08-01,,Organic,,342.0,,,,,,,,,
new_by_channel,2025-08-01,,Refer a friend,,97.0,,,,,,,,,
new_by_channel,2025-08-01,,TikTok,,287.0,,,,,,,,,
new_by_channel,2025-09-01,,Cashback affiliates,,106.0,,,,,,,,,
new_by_channel,2025-09-01,,Google Search,,237.0,,,,,,,,,
new_by_channel,2025-09-01,,Meta,,252.0,,,,,,,,,
new_by_channel,2025-09-01,,Organic,,366.0,,,,,,,,,
new_by_channel,2025-09-01,,Refer a friend,,94.0,,,,,,,,,
new_by_channel,2025-09-01,,TikTok,,246.0,,,,,,,,,
new_by_channel,2025-10-01,,Cashback affiliates,,124.0,,,,,,,,,
new_by_channel,2025-10-01,,Google Search,,244.0,,,,,,,,,
new_by_channel,2025-10-01,,Meta,,271.0,,,,,,,,,
new_by_channel,2025-10-01,,Organic,,358.0,,,,,,,,,
new_by_channel,2025-10-01,,Refer a friend,,125.0,,,,,,,,,
new_by_channel,2025-10-01,,TikTok,,258.0,,,,,,,,,
new_by_channel,2025-11-01,,Cashback affiliates,,116.0,,,,,,,,,
new_by_channel,2025-11-01,,Google Search,,259.0,,,,,,,,,
new_by_channel,2025-11-01,,Meta,,291.0,,,,,,,,,
new_by_channel,2025-11-01,,Organic,,341.0,,,,,,,,,
new_by_channel,2025-11-01,,Refer a friend,,145.0,,,,,,,,,
new_by_channel,2025-11-01,,TikTok,,313.0,,,,,,,,,
new_by_channel,2025-12-01,,Cashback affiliates,,136.0,,,,,,,,,
new_by_channel,2025-12-01,,Google Search,,269.0,,,,,,,,,
new_by_channel,2025-12-01,,Meta,,279.0,,,,,,,,,
new_by_channel,2025-12-01,,Organic,,399.0,,,,,,,,,
new_by_channel,2025-12-01,,Refer a friend,,154.0,,,,,,,,,
new_by_channel,2025-12-01,,TikTok,,363.0,,,,,,,,,
new_by_channel,2026-01-01,,Cashback affiliates,,128.0,,,,,,,,,
new_by_channel,2026-01-01,,Google Search,,241.0,,,,,,,,,
new_by_channel,2026-01-01,,Meta,,308.0,,,,,,,,,
new_by_channel,2026-01-01,,Organic,,387.0,,,,,,,,,
new_by_channel,2026-01-01,,Refer a friend,,155.0,,,,,,,,,
new_by_channel,2026-01-01,,TikTok,,327.0,,,,,,,,,
new_by_channel,2026-02-01,,Cashback affiliates,,115.0,,,,,,,,,
new_by_channel,2026-02-01,,Google Search,,273.0,,,,,,,,,
new_by_channel,2026-02-01,,Meta,,277.0,,,,,,,,,
new_by_channel,2026-02-01,,Organic,,406.0,,,,,,,,,
new_by_channel,2026-02-01,,Refer a friend,,159.0,,,,,,,,,
new_by_channel,2026-02-01,,TikTok,,331.0,,,,,,,,,
new_by_channel,2026-03-01,,Cashback affiliates,,190.0,,,,,,,,,
new_by_channel,2026-03-01,,Google Search,,274.0,,,,,,,,,
new_by_channel,2026-03-01,,Meta,,330.0,,,,,,,,,
new_by_channel,2026-03-01,,Organic,,403.0,,,,,,,,,
new_by_channel,2026-03-01,,Refer a friend,,166.0,,,,,,,,,
new_by_channel,2026-03-01,,TikTok,,358.0,,,,,,,,,
new_by_channel,2026-04-01,,Cashback affiliates,,122.0,,,,,,,,,
new_by_channel,2026-04-01,,Google Search,,291.0,,,,,,,,,
new_by_channel,2026-04-01,,Meta,,319.0,,,,,,,,,
new_by_channel,2026-04-01,,Organic,,399.0,,,,,,,,,
new_by_channel,2026-04-01,,Refer a friend,,151.0,,,,,,,,,
new_by_channel,2026-04-01,,TikTok,,334.0,,,,,,,,,
new_by_channel,2026-05-01,,Cashback affiliates,,185.0,,,,,,,,,
new_by_channel,2026-05-01,,Google Search,,308.0,,,,,,,,,
new_by_channel,2026-05-01,,Meta,,329.0,,,,,,,,,
new_by_channel,2026-05-01,,Organic,,491.0,,,,,,,,,
new_by_channel,2026-05-01,,Refer a friend,,206.0,,,,,,,,,
new_by_channel,2026-05-01,,TikTok,,387.0,,,,,,,,,
new_by_channel,2026-06-01,,Cashback affiliates,,165.0,,,,,,,,,
new_by_channel,2026-06-01,,Google Search,,277.0,,,,,,,,,
new_by_channel,2026-06-01,,Meta,,337.0,,,,,,,,,
new_by_channel,2026-06-01,,Organic,,449.0,,,,,,,,,
new_by_channel,2026-06-01,,Refer a friend,,213.0,,,,,,,,,
new_by_channel,2026-06-01,,TikTok,,419.0,,,,,,,,,
new_by_channel,2026-07-01,,Cashback affiliates,,165.0,,,,,,,,,
new_by_channel,2026-07-01,,Google Search,,314.0,,,,,,,,,
new_by_channel,2026-07-01,,Meta,,354.0,,,,,,,,,
new_by_channel,2026-07-01,,Organic,,503.0,,,,,,,,,
new_by_channel,2026-07-01,,Refer a friend,,224.0,,,,,,,,,
new_by_channel,2026-07-01,,TikTok,,406.0,,,,,,,,,
new_by_channel,2026-08-01,,Cashback affiliates,,202.0,,,,,,,,,
new_by_channel,2026-08-01,,Google Search,,329.0,,,,,,,,,
new_by_channel,2026-08-01,,Meta,,356.0,,,,,,,,,
new_by_channel,2026-08-01,,Organic,,458.0,,,,,,,,,
new_by_channel,2026-08-01,,Refer a friend,,201.0,,,,,,,,,
new_by_channel,2026-08-01,,TikTok,,426.0,,,,,,,,,
roll_rates,,1-29 days,1-29 days,,,0.230676,,,,,,,,
roll_rates,,1-29 days,30-59 days,,,0.390097,,,,,,,,
roll_rates,,1-29 days,60-90 days,,,0.008454,,,,,,,,
roll_rates,,1-29 days,Current,,,0.36715,,,,,,,,
roll_rates,,1-29 days,Settled,,,0.003623,,,,,,,,
roll_rates,,30-59 days,1-29 days,,,0.005988,,,,,,,,
roll_rates,,30-59 days,30-59 days,,,0.241517,,,,,,,,
roll_rates,,30-59 days,60-90 days,,,0.493014,,,,,,,,
roll_rates,,30-59 days,Current,,,0.255489,,,,,,,,
roll_rates,,30-59 days,Settled,,,0.003992,,,,,,,,
roll_rates,,60-90 days,30-59 days,,,0.013841,,,,,,,,
roll_rates,,60-90 days,60-90 days,,,0.214533,,,,,,,,
roll_rates,,60-90 days,90+ days,,,0.650519,,,,,,,,
roll_rates,,60-90 days,Current,,,0.121107,,,,,,,,
roll_rates,,90+ days,90+ days,,,0.572289,,,,,,,,
roll_rates,,90+ days,Current,,,0.063253,,,,,,,,
roll_rates,,90+ days,Written off,,,0.364458,,,,,,,,
roll_rates,,Current,1-29 days,,,0.027353,,,,,,,,
roll_rates,,Current,30-59 days,,,0.002351,,,,,,,,
roll_rates,,Current,Current,,,0.960894,,,,,,,,
roll_rates,,Current,Settled,,,0.009403,,,,,,,,
segments,,Card-first spenders,Card spend,,,0.5503,,,,"Card rewards and instalment plans; they keep little in savings, so lend with care.",Head of Cards,,,2
segments,,Card-first spenders,Customers,,,0.1373,,,,"Card rewards and instalment plans; they keep little in savings, so lend with care.",Head of Cards,,,2
segments,,Card-first spenders,Deposits,,,0.0086,,,,"Card rewards and instalment plans; they keep little in savings, so lend with care.",Head of Cards,,,2
segments,,Dormant,Card spend,,,0.0,,,,Win back only where it is cheap; stop paying bonuses to channels that produce them.,Head of Growth,,,6
segments,,Dormant,Customers,,,0.2835,,,,Win back only where it is cheap; stop paying bonuses to channels that produce them.,Head of Growth,,,6
segments,,Dormant,Deposits,,,0.0402,,,,Win back only where it is cheap; stop paying bonuses to channels that produce them.,Head of Growth,,,6
segments,,Everyday bankers,Card spend,,,0.3621,,,,"Win the salary: salary-crediting incentives, and the best audience for personal financing.",Head of Product,,,3
segments,,Everyday bankers,Customers,,,0.1842,,,,"Win the salary: salary-crediting incentives, and the best audience for personal financing.",Head of Product,,,3
segments,,Everyday bankers,Deposits,,,0.0543,,,,"Win the salary: salary-crediting incentives, and the best audience for personal financing.",Head of Product,,,3
segments,,Occasional users,Card spend,,,0.0052,,,,Low-cost re-engagement: bill reminders and DuitNow QR prompts.,Head of Product,,,5
segments,,Occasional users,Customers,,,0.1369,,,,Low-cost re-engagement: bill reminders and DuitNow QR prompts.,Head of Product,,,5
segments,,Occasional users,Deposits,,,0.0098,,,,Low-cost re-engagement: bill reminders and DuitNow QR prompts.,Head of Product,,,5
segments,,Savers,Card spend,,,0.0822,,,,"Protect the relationship: tiered savings and FD ladders, and a retention offer before large deposits mature.",Treasurer,,,1
segments,,Savers,Customers,,,0.1554,,,,"Protect the relationship: tiered savings and FD ladders, and a retention offer before large deposits mature.",Treasurer,,,1
segments,,Savers,Deposits,,,0.873,,,,"Protect the relationship: tiered savings and FD ladders, and a retention offer before large deposits mature.",Treasurer,,,1
segments,,Transfers only,Card spend,,,0.0002,,,,Get the card into use: in-app activation nudges and first-purchase cashback.,Head of Cards,,,4
segments,,Transfers only,Customers,,,0.1026,,,,Get the card into use: in-app activation nudges and first-purchase cashback.,Head of Cards,,,4
segments,,Transfers only,Deposits,,,0.0142,,,,Get the card into use: in-app activation nudges and first-purchase cashback.,Head of Cards,,,4
tiles,,CASA ratio,,,,0.977321,,,,78.2%,80.0%,Watch,● Watch,4
tiles,,Cost of funds,,,,0.967564,,,,1.94%,2.00%,On plan,▲ On plan,5
tiles,,Monthly active customers,,,,1.029,,,,"18,522","18,000",On plan,▲ On plan,2
tiles,,New customers,,,,1.011282,,,,"1,972","1,950",On plan,▲ On plan,1
tiles,,PAR30,,,,0.995032,,,,2.99%,3.00%,On plan,▲ On plan,6
tiles,,Total deposits,,,,1.149414,,,,RM132.2m,RM115.0m,On plan,▲ On plan,3
trend_K01,2024-09-01,Applications started,Actual,,1545.0,,,,,,Applicants who started sign-up in the app in the month,,,
trend_K01,2024-09-01,Applications started,Target,,3000.0,,,,,,Applicants who started sign-up in the app in the month,,,
trend_K01,2024-10-01,Applications started,Actual,,1653.0,,,,,,Applicants who started sign-up in the app in the month,,,
trend_K01,2024-10-01,Applications started,Target,,3000.0,,,,,,Applicants who started sign-up in the app in the month,,,
trend_K01,2024-11-01,Applications started,Actual,,1933.0,,,,,,Applicants who started sign-up in the app in the month,,,
trend_K01,2024-11-01,Applications started,Target,,3000.0,,,,,,Applicants who started sign-up in the app in the month,,,
trend_K01,2024-12-01,Applications started,Actual,,2065.0,,,,,,Applicants who started sign-up in the app in the month,,,
trend_K01,2024-12-01,Applications started,Target,,3000.0,,,,,,Applicants who started sign-up in the app in the month,,,
trend_K01,2025-01-01,Applications started,Actual,,1954.0,,,,,,Applicants who started sign-up in the app in the month,,,
trend_K01,2025-01-01,Applications started,Target,,3000.0,,,,,,Applicants who started sign-up in the app in the month,,,
trend_K01,2025-02-01,Applications started,Actual,,2001.0,,,,,,Applicants who started sign-up in the app in the month,,,
trend_K01,2025-02-01,Applications started,Target,,3000.0,,,,,,Applicants who started sign-up in the app in the month,,,
trend_K01,2025-03-01,Applications started,Actual,,2420.0,,,,,,Applicants who started sign-up in the app in the month,,,
trend_K01,2025-03-01,Applications started,Target,,3000.0,,,,,,Applicants who started sign-up in the app in the month,,,
trend_K01,2025-04-01,Applications started,Actual,,2301.0,,,,,,Applicants who started sign-up in the app in the month,,,
trend_K01,2025-04-01,Applications started,Target,,3000.0,,,,,,Applicants who started sign-up in the app in the month,,,
trend_K01,2025-05-01,Applications started,Actual,,2458.0,,,,,,Applicants who started sign-up in the app in the month,,,
trend_K01,2025-05-01,Applications started,Target,,3000.0,,,,,,Applicants who started sign-up in the app in the month,,,
trend_K01,2025-06-01,Applications started,Actual,,2367.0,,,,,,Applicants who started sign-up in the app in the month,,,
trend_K01,2025-06-01,Applications started,Target,,3000.0,,,,,,Applicants who started sign-up in the app in the month,,,
trend_K01,2025-07-01,Applications started,Actual,,2570.0,,,,,,Applicants who started sign-up in the app in the month,,,
trend_K01,2025-07-01,Applications started,Target,,3000.0,,,,,,Applicants who started sign-up in the app in the month,,,
trend_K01,2025-08-01,Applications started,Actual,,2639.0,,,,,,Applicants who started sign-up in the app in the month,,,
trend_K01,2025-08-01,Applications started,Target,,3000.0,,,,,,Applicants who started sign-up in the app in the month,,,
trend_K01,2025-09-01,Applications started,Actual,,2612.0,,,,,,Applicants who started sign-up in the app in the month,,,
trend_K01,2025-09-01,Applications started,Target,,3000.0,,,,,,Applicants who started sign-up in the app in the month,,,
trend_K01,2025-10-01,Applications started,Actual,,2859.0,,,,,,Applicants who started sign-up in the app in the month,,,
trend_K01,2025-10-01,Applications started,Target,,3000.0,,,,,,Applicants who started sign-up in the app in the month,,,
trend_K01,2025-11-01,Applications started,Actual,,3000.0,,,,,,Applicants who started sign-up in the app in the month,,,
trend_K01,2025-11-01,Applications started,Target,,3000.0,,,,,,Applicants who started sign-up in the app in the month,,,
trend_K01,2025-12-01,Applications started,Actual,,3230.0,,,,,,Applicants who started sign-up in the app in the month,,,
trend_K01,2025-12-01,Applications started,Target,,3000.0,,,,,,Applicants who started sign-up in the app in the month,,,
trend_K01,2026-01-01,Applications started,Actual,,3143.0,,,,,,Applicants who started sign-up in the app in the month,,,
trend_K01,2026-01-01,Applications started,Target,,3000.0,,,,,,Applicants who started sign-up in the app in the month,,,
trend_K01,2026-02-01,Applications started,Actual,,3043.0,,,,,,Applicants who started sign-up in the app in the month,,,
trend_K01,2026-02-01,Applications started,Target,,3000.0,,,,,,Applicants who started sign-up in the app in the month,,,
trend_K01,2026-03-01,Applications started,Actual,,3362.0,,,,,,Applicants who started sign-up in the app in the month,,,
trend_K01,2026-03-01,Applications started,Target,,3000.0,,,,,,Applicants who started sign-up in the app in the month,,,
trend_K01,2026-04-01,Applications started,Actual,,3183.0,,,,,,Applicants who started sign-up in the app in the month,,,
trend_K01,2026-04-01,Applications started,Target,,3000.0,,,,,,Applicants who started sign-up in the app in the month,,,
trend_K01,2026-05-01,Applications started,Actual,,3490.0,,,,,,Applicants who started sign-up in the app in the month,,,
trend_K01,2026-05-01,Applications started,Target,,3000.0,,,,,,Applicants who started sign-up in the app in the month,,,
trend_K01,2026-06-01,Applications started,Actual,,3452.0,,,,,,Applicants who started sign-up in the app in the month,,,
trend_K01,2026-06-01,Applications started,Target,,3000.0,,,,,,Applicants who started sign-up in the app in the month,,,
trend_K01,2026-07-01,Applications started,Actual,,3669.0,,,,,,Applicants who started sign-up in the app in the month,,,
trend_K01,2026-07-01,Applications started,Target,,3000.0,,,,,,Applicants who started sign-up in the app in the month,,,
trend_K01,2026-08-01,Applications started,Actual,,3639.0,,,,,,Applicants who started sign-up in the app in the month,,,
trend_K01,2026-08-01,Applications started,Target,,3000.0,,,,,,Applicants who started sign-up in the app in the month,,,
trend_K02,2024-09-01,New customers,Actual,,776.0,,,,,,Accounts opened in the month,,,
trend_K02,2024-09-01,New customers,Plan,,800.0,,,,,,Accounts opened in the month,,,
trend_K02,2024-10-01,New customers,Actual,,810.0,,,,,,Accounts opened in the month,,,
trend_K02,2024-10-01,New customers,Plan,,850.0,,,,,,Accounts opened in the month,,,
trend_K02,2024-11-01,New customers,Actual,,970.0,,,,,,Accounts opened in the month,,,
trend_K02,2024-11-01,New customers,Plan,,950.0,,,,,,Accounts opened in the month,,,
trend_K02,2024-12-01,New customers,Actual,,1012.0,,,,,,Accounts opened in the month,,,
trend_K02,2024-12-01,New customers,Plan,,1000.0,,,,,,Accounts opened in the month,,,
trend_K02,2025-01-01,New customers,Actual,,951.0,,,,,,Accounts opened in the month,,,
trend_K02,2025-01-01,New customers,Plan,,1000.0,,,,,,Accounts opened in the month,,,
trend_K02,2025-02-01,New customers,Actual,,989.0,,,,,,Accounts opened in the month,,,
trend_K02,2025-02-01,New customers,Plan,,1050.0,,,,,,Accounts opened in the month,,,
trend_K02,2025-03-01,New customers,Actual,,1173.0,,,,,,Accounts opened in the month,,,
trend_K02,2025-03-01,New customers,Plan,,1100.0,,,,,,Accounts opened in the month,,,
trend_K02,2025-04-01,New customers,Actual,,1140.0,,,,,,Accounts opened in the month,,,
trend_K02,2025-04-01,New customers,Plan,,1150.0,,,,,,Accounts opened in the month,,,
trend_K02,2025-05-01,New customers,Actual,,1171.0,,,,,,Accounts opened in the month,,,
trend_K02,2025-05-01,New customers,Plan,,1200.0,,,,,,Accounts opened in the month,,,
trend_K02,2025-06-01,New customers,Actual,,1166.0,,,,,,Accounts opened in the month,,,
trend_K02,2025-06-01,New customers,Plan,,1250.0,,,,,,Accounts opened in the month,,,
trend_K02,2025-07-01,New customers,Actual,,1248.0,,,,,,Accounts opened in the month,,,
trend_K02,2025-07-01,New customers,Plan,,1300.0,,,,,,Accounts opened in the month,,,
trend_K02,2025-08-01,New customers,Actual,,1274.0,,,,,,Accounts opened in the month,,,
trend_K02,2025-08-01,New customers,Plan,,1300.0,,,,,,Accounts opened in the month,,,
trend_K02,2025-09-01,New customers,Actual,,1301.0,,,,,,Accounts opened in the month,,,
trend_K02,2025-09-01,New customers,Plan,,1350.0,,,,,,Accounts opened in the month,,,
trend_K02,2025-10-01,New customers,Actual,,1380.0,,,,,,Accounts opened in the month,,,
trend_K02,2025-10-01,New customers,Plan,,1400.0,,,,,,Accounts opened in the month,,,
trend_K02,2025-11-01,New customers,Actual,,1465.0,,,,,,Accounts opened in the month,,,
trend_K02,2025-11-01,New customers,Plan,,1450.0,,,,,,Accounts opened in the month,,,
trend_K02,2025-12-01,New customers,Actual,,1600.0,,,,,,Accounts opened in the month,,,
trend_K02,2025-12-01,New customers,Plan,,1550.0,,,,,,Accounts opened in the month,,,
trend_K02,2026-01-01,New customers,Actual,,1546.0,,,,,,Accounts opened in the month,,,
trend_K02,2026-01-01,New customers,Plan,,1600.0,,,,,,Accounts opened in the month,,,
trend_K02,2026-02-01,New customers,Actual,,1561.0,,,,,,Accounts opened in the month,,,
trend_K02,2026-02-01,New customers,Plan,,1650.0,,,,,,Accounts opened in the month,,,
trend_K02,2026-03-01,New customers,Actual,,1721.0,,,,,,Accounts opened in the month,,,
trend_K02,2026-03-01,New customers,Plan,,1700.0,,,,,,Accounts opened in the month,,,
trend_K02,2026-04-01,New customers,Actual,,1616.0,,,,,,Accounts opened in the month,,,
trend_K02,2026-04-01,New customers,Plan,,1750.0,,,,,,Accounts opened in the month,,,
trend_K02,2026-05-01,New customers,Actual,,1906.0,,,,,,Accounts opened in the month,,,
trend_K02,2026-05-01,New customers,Plan,,1800.0,,,,,,Accounts opened in the month,,,
trend_K02,2026-06-01,New customers,Actual,,1860.0,,,,,,Accounts opened in the month,,,
trend_K02,2026-06-01,New customers,Plan,,1850.0,,,,,,Accounts opened in the month,,,
trend_K02,2026-07-01,New customers,Actual,,1966.0,,,,,,Accounts opened in the month,,,
trend_K02,2026-07-01,New customers,Plan,,1900.0,,,,,,Accounts opened in the month,,,
trend_K02,2026-08-01,New customers,Actual,,1972.0,,,,,,Accounts opened in the month,,,
trend_K02,2026-08-01,New customers,Plan,,1950.0,,,,,,Accounts opened in the month,,,
trend_K03,2024-09-01,Onboarding conversion,Actual,,,0.506796,,,,,Share of the month's applicants who went on to open an account,,,
trend_K03,2024-09-01,Onboarding conversion,Target,,,0.55,,,,,Share of the month's applicants who went on to open an account,,,
trend_K03,2024-10-01,Onboarding conversion,Actual,,,0.488808,,,,,Share of the month's applicants who went on to open an account,,,
trend_K03,2024-10-01,Onboarding conversion,Target,,,0.55,,,,,Share of the month's applicants who went on to open an account,,,
trend_K03,2024-11-01,Onboarding conversion,Actual,,,0.499224,,,,,Share of the month's applicants who went on to open an account,,,
trend_K03,2024-11-01,Onboarding conversion,Target,,,0.55,,,,,Share of the month's applicants who went on to open an account,,,
trend_K03,2024-12-01,Onboarding conversion,Actual,,,0.493462,,,,,Share of the month's applicants who went on to open an account,,,
trend_K03,2024-12-01,Onboarding conversion,Target,,,0.55,,,,,Share of the month's applicants who went on to open an account,,,
trend_K03,2025-01-01,Onboarding conversion,Actual,,,0.488741,,,,,Share of the month's applicants who went on to open an account,,,
trend_K03,2025-01-01,Onboarding conversion,Target,,,0.55,,,,,Share of the month's applicants who went on to open an account,,,
trend_K03,2025-02-01,Onboarding conversion,Actual,,,0.493753,,,,,Share of the month's applicants who went on to open an account,,,
trend_K03,2025-02-01,Onboarding conversion,Target,,,0.55,,,,,Share of the month's applicants who went on to open an account,,,
trend_K03,2025-03-01,Onboarding conversion,Actual,,,0.483471,,,,,Share of the month's applicants who went on to open an account,,,
trend_K03,2025-03-01,Onboarding conversion,Target,,,0.55,,,,,Share of the month's applicants who went on to open an account,,,
trend_K03,2025-04-01,Onboarding conversion,Actual,,,0.493264,,,,,Share of the month's applicants who went on to open an account,,,
trend_K03,2025-04-01,Onboarding conversion,Target,,,0.55,,,,,Share of the month's applicants who went on to open an account,,,
trend_K03,2025-05-01,Onboarding conversion,Actual,,,0.480065,,,,,Share of the month's applicants who went on to open an account,,,
trend_K03,2025-05-01,Onboarding conversion,Target,,,0.55,,,,,Share of the month's applicants who went on to open an account,,,
trend_K03,2025-06-01,Onboarding conversion,Actual,,,0.493452,,,,,Share of the month's applicants who went on to open an account,,,
trend_K03,2025-06-01,Onboarding conversion,Target,,,0.55,,,,,Share of the month's applicants who went on to open an account,,,
trend_K03,2025-07-01,Onboarding conversion,Actual,,,0.48249,,,,,Share of the month's applicants who went on to open an account,,,
trend_K03,2025-07-01,Onboarding conversion,Target,,,0.55,,,,,Share of the month's applicants who went on to open an account,,,
trend_K03,2025-08-01,Onboarding conversion,Actual,,,0.48579,,,,,Share of the month's applicants who went on to open an account,,,
trend_K03,2025-08-01,Onboarding conversion,Target,,,0.55,,,,,Share of the month's applicants who went on to open an account,,,
trend_K03,2025-09-01,Onboarding conversion,Actual,,,0.495406,,,,,Share of the month's applicants who went on to open an account,,,
trend_K03,2025-09-01,Onboarding conversion,Target,,,0.55,,,,,Share of the month's applicants who went on to open an account,,,
trend_K03,2025-10-01,Onboarding conversion,Actual,,,0.485484,,,,,Share of the month's applicants who went on to open an account,,,
trend_K03,2025-10-01,Onboarding conversion,Target,,,0.55,,,,,Share of the month's applicants who went on to open an account,,,
trend_K03,2025-11-01,Onboarding conversion,Actual,,,0.488333,,,,,Share of the month's applicants who went on to open an account,,,
trend_K03,2025-11-01,Onboarding conversion,Target,,,0.55,,,,,Share of the month's applicants who went on to open an account,,,
trend_K03,2025-12-01,Onboarding conversion,Actual,,,0.494737,,,,,Share of the month's applicants who went on to open an account,,,
trend_K03,2025-12-01,Onboarding conversion,Target,,,0.55,,,,,Share of the month's applicants who went on to open an account,,,
trend_K03,2026-01-01,Onboarding conversion,Actual,,,0.492205,,,,,Share of the month's applicants who went on to open an account,,,
trend_K03,2026-01-01,Onboarding conversion,Target,,,0.55,,,,,Share of the month's applicants who went on to open an account,,,
trend_K03,2026-02-01,Onboarding conversion,Actual,,,0.514624,,,,,Share of the month's applicants who went on to open an account,,,
trend_K03,2026-02-01,Onboarding conversion,Target,,,0.55,,,,,Share of the month's applicants who went on to open an account,,,
trend_K03,2026-03-01,Onboarding conversion,Actual,,,0.5116,,,,,Share of the month's applicants who went on to open an account,,,
trend_K03,2026-03-01,Onboarding conversion,Target,,,0.55,,,,,Share of the month's applicants who went on to open an account,,,
trend_K03,2026-04-01,Onboarding conversion,Actual,,,0.507069,,,,,Share of the month's applicants who went on to open an account,,,
trend_K03,2026-04-01,Onboarding conversion,Target,,,0.55,,,,,Share of the month's applicants who went on to open an account,,,
trend_K03,2026-05-01,Onboarding conversion,Actual,,,0.544699,,,,,Share of the month's applicants who went on to open an account,,,
trend_K03,2026-05-01,Onboarding conversion,Target,,,0.55,,,,,Share of the month's applicants who went on to open an account,,,
trend_K03,2026-06-01,Onboarding conversion,Actual,,,0.540556,,,,,Share of the month's applicants who went on to open an account,,,
trend_K03,2026-06-01,Onboarding conversion,Target,,,0.55,,,,,Share of the month's applicants who went on to open an account,,,
trend_K03,2026-07-01,Onboarding conversion,Actual,,,0.535568,,,,,Share of the month's applicants who went on to open an account,,,
trend_K03,2026-07-01,Onboarding conversion,Target,,,0.55,,,,,Share of the month's applicants who went on to open an account,,,
trend_K03,2026-08-01,Onboarding conversion,Actual,,,0.537785,,,,,Share of the month's applicants who went on to open an account,,,
trend_K03,2026-08-01,Onboarding conversion,Target,,,0.55,,,,,Share of the month's applicants who went on to open an account,,,
trend_K04,2024-09-01,eKYC completion rate,Actual,,,0.704731,,,,,Share of applicants who scanned their MyKad and then passed the selfie liveness check,,,
trend_K04,2024-09-01,eKYC completion rate,Target,,,0.75,,,,,Share of applicants who scanned their MyKad and then passed the selfie liveness check,,,
trend_K04,2024-10-01,eKYC completion rate,Actual,,,0.703138,,,,,Share of applicants who scanned their MyKad and then passed the selfie liveness check,,,
trend_K04,2024-10-01,eKYC completion rate,Target,,,0.75,,,,,Share of applicants who scanned their MyKad and then passed the selfie liveness check,,,
trend_K04,2024-11-01,eKYC completion rate,Actual,,,0.692409,,,,,Share of applicants who scanned their MyKad and then passed the selfie liveness check,,,
trend_K04,2024-11-01,eKYC completion rate,Target,,,0.75,,,,,Share of applicants who scanned their MyKad and then passed the selfie liveness check,,,
trend_K04,2024-12-01,eKYC completion rate,Actual,,,0.706675,,,,,Share of applicants who scanned their MyKad and then passed the selfie liveness check,,,
trend_K04,2024-12-01,eKYC completion rate,Target,,,0.75,,,,,Share of applicants who scanned their MyKad and then passed the selfie liveness check,,,
trend_K04,2025-01-01,eKYC completion rate,Actual,,,0.694611,,,,,Share of applicants who scanned their MyKad and then passed the selfie liveness check,,,
trend_K04,2025-01-01,eKYC completion rate,Target,,,0.75,,,,,Share of applicants who scanned their MyKad and then passed the selfie liveness check,,,
trend_K04,2025-02-01,eKYC completion rate,Actual,,,0.705999,,,,,Share of applicants who scanned their MyKad and then passed the selfie liveness check,,,
trend_K04,2025-02-01,eKYC completion rate,Target,,,0.75,,,,,Share of applicants who scanned their MyKad and then passed the selfie liveness check,,,
trend_K04,2025-03-01,eKYC completion rate,Actual,,,0.684466,,,,,Share of applicants who scanned their MyKad and then passed the selfie liveness check,,,
trend_K04,2025-03-01,eKYC completion rate,Target,,,0.75,,,,,Share of applicants who scanned their MyKad and then passed the selfie liveness check,,,
trend_K04,2025-04-01,eKYC completion rate,Actual,,,0.705317,,,,,Share of applicants who scanned their MyKad and then passed the selfie liveness check,,,
trend_K04,2025-04-01,eKYC completion rate,Target,,,0.75,,,,,Share of applicants who scanned their MyKad and then passed the selfie liveness check,,,
trend_K04,2025-05-01,eKYC completion rate,Actual,,,0.693225,,,,,Share of applicants who scanned their MyKad and then passed the selfie liveness check,,,
trend_K04,2025-05-01,eKYC completion rate,Target,,,0.75,,,,,Share of applicants who scanned their MyKad and then passed the selfie liveness check,,,
trend_K04,2025-06-01,eKYC completion rate,Actual,,,0.700822,,,,,Share of applicants who scanned their MyKad and then passed the selfie liveness check,,,
trend_K04,2025-06-01,eKYC completion rate,Target,,,0.75,,,,,Share of applicants who scanned their MyKad and then passed the selfie liveness check,,,
trend_K04,2025-07-01,eKYC completion rate,Actual,,,0.701095,,,,,Share of applicants who scanned their MyKad and then passed the selfie liveness check,,,
trend_K04,2025-07-01,eKYC completion rate,Target,,,0.75,,,,,Share of applicants who scanned their MyKad and then passed the selfie liveness check,,,
trend_K04,2025-08-01,eKYC completion rate,Actual,,,0.689792,,,,,Share of applicants who scanned their MyKad and then passed the selfie liveness check,,,
trend_K04,2025-08-01,eKYC completion rate,Target,,,0.75,,,,,Share of applicants who scanned their MyKad and then passed the selfie liveness check,,,
trend_K04,2025-09-01,eKYC completion rate,Actual,,,0.700893,,,,,Share of applicants who scanned their MyKad and then passed the selfie liveness check,,,
trend_K04,2025-09-01,eKYC completion rate,Target,,,0.75,,,,,Share of applicants who scanned their MyKad and then passed the selfie liveness check,,,
trend_K04,2025-10-01,eKYC completion rate,Actual,,,0.69585,,,,,Share of applicants who scanned their MyKad and then passed the selfie liveness check,,,
trend_K04,2025-10-01,eKYC completion rate,Target,,,0.75,,,,,Share of applicants who scanned their MyKad and then passed the selfie liveness check,,,
trend_K04,2025-11-01,eKYC completion rate,Actual,,,0.694566,,,,,Share of applicants who scanned their MyKad and then passed the selfie liveness check,,,
trend_K04,2025-11-01,eKYC completion rate,Target,,,0.75,,,,,Share of applicants who scanned their MyKad and then passed the selfie liveness check,,,
trend_K04,2025-12-01,eKYC completion rate,Actual,,,0.702539,,,,,Share of applicants who scanned their MyKad and then passed the selfie liveness check,,,
trend_K04,2025-12-01,eKYC completion rate,Target,,,0.75,,,,,Share of applicants who scanned their MyKad and then passed the selfie liveness check,,,
trend_K04,2026-01-01,eKYC completion rate,Actual,,,0.693919,,,,,Share of applicants who scanned their MyKad and then passed the selfie liveness check,,,
trend_K04,2026-01-01,eKYC completion rate,Target,,,0.75,,,,,Share of applicants who scanned their MyKad and then passed the selfie liveness check,,,
trend_K04,2026-02-01,eKYC completion rate,Actual,,,0.723368,,,,,Share of applicants who scanned their MyKad and then passed the selfie liveness check,,,
trend_K04,2026-02-01,eKYC completion rate,Target,,,0.75,,,,,Share of applicants who scanned their MyKad and then passed the selfie liveness check,,,
trend_K04,2026-03-01,eKYC completion rate,Actual,,,0.737926,,,,,Share of applicants who scanned their MyKad and then passed the selfie liveness check,,,
trend_K04,2026-03-01,eKYC completion rate,Target,,,0.75,,,,,Share of applicants who scanned their MyKad and then passed the selfie liveness check,,,
trend_K04,2026-04-01,eKYC completion rate,Actual,,,0.726711,,,,,Share of applicants who scanned their MyKad and then passed the selfie liveness check,,,
trend_K04,2026-04-01,eKYC completion rate,Target,,,0.75,,,,,Share of applicants who scanned their MyKad and then passed the selfie liveness check,,,
trend_K04,2026-05-01,eKYC completion rate,Actual,,,0.776652,,,,,Share of applicants who scanned their MyKad and then passed the selfie liveness check,,,
trend_K04,2026-05-01,eKYC completion rate,Target,,,0.75,,,,,Share of applicants who scanned their MyKad and then passed the selfie liveness check,,,
trend_K04,2026-06-01,eKYC completion rate,Actual,,,0.766831,,,,,Share of applicants who scanned their MyKad and then passed the selfie liveness check,,,
trend_K04,2026-06-01,eKYC completion rate,Target,,,0.75,,,,,Share of applicants who scanned their MyKad and then passed the selfie liveness check,,,
trend_K04,2026-07-01,eKYC completion rate,Actual,,,0.761939,,,,,Share of applicants who scanned their MyKad and then passed the selfie liveness check,,,
trend_K04,2026-07-01,eKYC completion rate,Target,,,0.75,,,,,Share of applicants who scanned their MyKad and then passed the selfie liveness check,,,
trend_K04,2026-08-01,eKYC completion rate,Actual,,,0.77445,,,,,Share of applicants who scanned their MyKad and then passed the selfie liveness check,,,
trend_K04,2026-08-01,eKYC completion rate,Target,,,0.75,,,,,Share of applicants who scanned their MyKad and then passed the selfie liveness check,,,
trend_K05,2024-09-01,Cost per new customer (CAC),Actual,,,,,24.6331,,,Acquisition marketing spend per account opened,,,
trend_K05,2024-09-01,Cost per new customer (CAC),Target,,,,,25.0,,,Acquisition marketing spend per account opened,,,
trend_K05,2024-10-01,Cost per new customer (CAC),Actual,,,,,24.6102,,,Acquisition marketing spend per account opened,,,
trend_K05,2024-10-01,Cost per new customer (CAC),Target,,,,,25.0,,,Acquisition marketing spend per account opened,,,
trend_K05,2024-11-01,Cost per new customer (CAC),Actual,,,,,24.0032,,,Acquisition marketing spend per account opened,,,
trend_K05,2024-11-01,Cost per new customer (CAC),Target,,,,,25.0,,,Acquisition marketing spend per account opened,,,
trend_K05,2024-12-01,Cost per new customer (CAC),Actual,,,,,24.5821,,,Acquisition marketing spend per account opened,,,
trend_K05,2024-12-01,Cost per new customer (CAC),Target,,,,,25.0,,,Acquisition marketing spend per account opened,,,
trend_K05,2025-01-01,Cost per new customer (CAC),Actual,,,,,25.4468,,,Acquisition marketing spend per account opened,,,
trend_K05,2025-01-01,Cost per new customer (CAC),Target,,,,,25.0,,,Acquisition marketing spend per account opened,,,
trend_K05,2025-02-01,Cost per new customer (CAC),Actual,,,,,22.7329,,,Acquisition marketing spend per account opened,,,
trend_K05,2025-02-01,Cost per new customer (CAC),Target,,,,,25.0,,,Acquisition marketing spend per account opened,,,
trend_K05,2025-03-01,Cost per new customer (CAC),Actual,,,,,23.2457,,,Acquisition marketing spend per account opened,,,
trend_K05,2025-03-01,Cost per new customer (CAC),Target,,,,,25.0,,,Acquisition marketing spend per account opened,,,
trend_K05,2025-04-01,Cost per new customer (CAC),Actual,,,,,22.9385,,,Acquisition marketing spend per account opened,,,
trend_K05,2025-04-01,Cost per new customer (CAC),Target,,,,,25.0,,,Acquisition marketing spend per account opened,,,
trend_K05,2025-05-01,Cost per new customer (CAC),Actual,,,,,22.2573,,,Acquisition marketing spend per account opened,,,
trend_K05,2025-05-01,Cost per new customer (CAC),Target,,,,,25.0,,,Acquisition marketing spend per account opened,,,
trend_K05,2025-06-01,Cost per new customer (CAC),Actual,,,,,23.0534,,,Acquisition marketing spend per account opened,,,
trend_K05,2025-06-01,Cost per new customer (CAC),Target,,,,,25.0,,,Acquisition marketing spend per account opened,,,
trend_K05,2025-07-01,Cost per new customer (CAC),Actual,,,,,25.0702,,,Acquisition marketing spend per account opened,,,
trend_K05,2025-07-01,Cost per new customer (CAC),Target,,,,,25.0,,,Acquisition marketing spend per account opened,,,
trend_K05,2025-08-01,Cost per new customer (CAC),Actual,,,,,22.7982,,,Acquisition marketing spend per account opened,,,
trend_K05,2025-08-01,Cost per new customer (CAC),Target,,,,,25.0,,,Acquisition marketing spend per account opened,,,
trend_K05,2025-09-01,Cost per new customer (CAC),Actual,,,,,22.9595,,,Acquisition marketing spend per account opened,,,
trend_K05,2025-09-01,Cost per new customer (CAC),Target,,,,,25.0,,,Acquisition marketing spend per account opened,,,
trend_K05,2025-10-01,Cost per new customer (CAC),Actual,,,,,23.3669,,,Acquisition marketing spend per account opened,,,
trend_K05,2025-10-01,Cost per new customer (CAC),Target,,,,,25.0,,,Acquisition marketing spend per account opened,,,
trend_K05,2025-11-01,Cost per new customer (CAC),Actual,,,,,24.6874,,,Acquisition marketing spend per account opened,,,
trend_K05,2025-11-01,Cost per new customer (CAC),Target,,,,,25.0,,,Acquisition marketing spend per account opened,,,
trend_K05,2025-12-01,Cost per new customer (CAC),Actual,,,,,22.771,,,Acquisition marketing spend per account opened,,,
trend_K05,2025-12-01,Cost per new customer (CAC),Target,,,,,25.0,,,Acquisition marketing spend per account opened,,,
trend_K05,2026-01-01,Cost per new customer (CAC),Actual,,,,,22.3861,,,Acquisition marketing spend per account opened,,,
trend_K05,2026-01-01,Cost per new customer (CAC),Target,,,,,25.0,,,Acquisition marketing spend per account opened,,,
trend_K05,2026-02-01,Cost per new customer (CAC),Actual,,,,,22.8051,,,Acquisition marketing spend per account opened,,,
trend_K05,2026-02-01,Cost per new customer (CAC),Target,,,,,25.0,,,Acquisition marketing spend per account opened,,,
trend_K05,2026-03-01,Cost per new customer (CAC),Actual,,,,,22.9694,,,Acquisition marketing spend per account opened,,,
trend_K05,2026-03-01,Cost per new customer (CAC),Target,,,,,25.0,,,Acquisition marketing spend per account opened,,,
trend_K05,2026-04-01,Cost per new customer (CAC),Actual,,,,,22.8092,,,Acquisition marketing spend per account opened,,,
trend_K05,2026-04-01,Cost per new customer (CAC),Target,,,,,25.0,,,Acquisition marketing spend per account opened,,,
trend_K05,2026-05-01,Cost per new customer (CAC),Actual,,,,,20.8685,,,Acquisition marketing spend per account opened,,,
trend_K05,2026-05-01,Cost per new customer (CAC),Target,,,,,25.0,,,Acquisition marketing spend per account opened,,,
trend_K05,2026-06-01,Cost per new customer (CAC),Actual,,,,,21.7285,,,Acquisition marketing spend per account opened,,,
trend_K05,2026-06-01,Cost per new customer (CAC),Target,,,,,25.0,,,Acquisition marketing spend per account opened,,,
trend_K05,2026-07-01,Cost per new customer (CAC),Actual,,,,,21.629,,,Acquisition marketing spend per account opened,,,
trend_K05,2026-07-01,Cost per new customer (CAC),Target,,,,,25.0,,,Acquisition marketing spend per account opened,,,
trend_K06,2024-12-01,Month-3 active rate,Actual,,,0.617268,,,,,Share of customers who opened three months earlier and made a transaction themselves this month,,,
trend_K06,2024-12-01,Month-3 active rate,Target,,,0.65,,,,,Share of customers who opened three months earlier and made a transaction themselves this month,,,
trend_K06,2025-01-01,Month-3 active rate,Actual,,,0.623457,,,,,Share of customers who opened three months earlier and made a transaction themselves this month,,,
trend_K06,2025-01-01,Month-3 active rate,Target,,,0.65,,,,,Share of customers who opened three months earlier and made a transaction themselves this month,,,
trend_K06,2025-02-01,Month-3 active rate,Actual,,,0.62268,,,,,Share of customers who opened three months earlier and made a transaction themselves this month,,,
trend_K06,2025-02-01,Month-3 active rate,Target,,,0.65,,,,,Share of customers who opened three months earlier and made a transaction themselves this month,,,
trend_K06,2025-03-01,Month-3 active rate,Actual,,,0.631423,,,,,Share of customers who opened three months earlier and made a transaction themselves this month,,,
trend_K06,2025-03-01,Month-3 active rate,Target,,,0.65,,,,,Share of customers who opened three months earlier and made a transaction themselves this month,,,
trend_K06,2025-04-01,Month-3 active rate,Actual,,,0.629863,,,,,Share of customers who opened three months earlier and made a transaction themselves this month,,,
trend_K06,2025-04-01,Month-3 active rate,Target,,,0.65,,,,,Share of customers who opened three months earlier and made a transaction themselves this month,,,
trend_K06,2025-05-01,Month-3 active rate,Actual,,,0.64004,,,,,Share of customers who opened three months earlier and made a transaction themselves this month,,,
trend_K06,2025-05-01,Month-3 active rate,Target,,,0.65,,,,,Share of customers who opened three months earlier and made a transaction themselves this month,,,
trend_K06,2025-06-01,Month-3 active rate,Actual,,,0.626598,,,,,Share of customers who opened three months earlier and made a transaction themselves this month,,,
trend_K06,2025-06-01,Month-3 active rate,Target,,,0.65,,,,,Share of customers who opened three months earlier and made a transaction themselves this month,,,
trend_K06,2025-07-01,Month-3 active rate,Actual,,,0.661404,,,,,Share of customers who opened three months earlier and made a transaction themselves this month,,,
trend_K06,2025-07-01,Month-3 active rate,Target,,,0.65,,,,,Share of customers who opened three months earlier and made a transaction themselves this month,,,
trend_K06,2025-08-01,Month-3 active rate,Actual,,,0.627669,,,,,Share of customers who opened three months earlier and made a transaction themselves this month,,,
trend_K06,2025-08-01,Month-3 active rate,Target,,,0.65,,,,,Share of customers who opened three months earlier and made a transaction themselves this month,,,
trend_K06,2025-09-01,Month-3 active rate,Actual,,,0.646655,,,,,Share of customers who opened three months earlier and made a transaction themselves this month,,,
trend_K06,2025-09-01,Month-3 active rate,Target,,,0.65,,,,,Share of customers who opened three months earlier and made a transaction themselves this month,,,
trend_K06,2025-10-01,Month-3 active rate,Actual,,,0.621795,,,,,Share of customers who opened three months earlier and made a transaction themselves this month,,,
trend_K06,2025-10-01,Month-3 active rate,Target,,,0.65,,,,,Share of customers who opened three months earlier and made a transaction themselves this month,,,
trend_K06,2025-11-01,Month-3 active rate,Actual,,,0.627159,,,,,Share of customers who opened three months earlier and made a transaction themselves this month,,,
trend_K06,2025-11-01,Month-3 active rate,Target,,,0.65,,,,,Share of customers who opened three months earlier and made a transaction themselves this month,,,
trend_K06,2025-12-01,Month-3 active rate,Actual,,,0.644889,,,,,Share of customers who opened three months earlier and made a transaction themselves this month,,,
trend_K06,2025-12-01,Month-3 active rate,Target,,,0.65,,,,,Share of customers who opened three months earlier and made a transaction themselves this month,,,
trend_K06,2026-01-01,Month-3 active rate,Actual,,,0.633333,,,,,Share of customers who opened three months earlier and made a transaction themselves this month,,,
trend_K06,2026-01-01,Month-3 active rate,Target,,,0.65,,,,,Share of customers who opened three months earlier and made a transaction themselves this month,,,
trend_K06,2026-02-01,Month-3 active rate,Actual,,,0.595904,,,,,Share of customers who opened three months earlier and made a transaction themselves this month,,,
trend_K06,2026-02-01,Month-3 active rate,Target,,,0.65,,,,,Share of customers who opened three months earlier and made a transaction themselves this month,,,
trend_K06,2026-03-01,Month-3 active rate,Actual,,,0.59875,,,,,Share of customers who opened three months earlier and made a transaction themselves this month,,,
trend_K06,2026-03-01,Month-3 active rate,Target,,,0.65,,,,,Share of customers who opened three months earlier and made a transaction themselves this month,,,
trend_K06,2026-04-01,Month-3 active rate,Actual,,,0.628719,,,,,Share of customers who opened three months earlier and made a transaction themselves this month,,,
trend_K06,2026-04-01,Month-3 active rate,Target,,,0.65,,,,,Share of customers who opened three months earlier and made a transaction themselves this month,,,
trend_K06,2026-05-01,Month-3 active rate,Actual,,,0.633568,,,,,Share of customers who opened three months earlier and made a transaction themselves this month,,,
trend_K06,2026-05-01,Month-3 active rate,Target,,,0.65,,,,,Share of customers who opened three months earlier and made a transaction themselves this month,,,
trend_K06,2026-06-01,Month-3 active rate,Actual,,,0.62638,,,,,Share of customers who opened three months earlier and made a transaction themselves this month,,,
trend_K06,2026-06-01,Month-3 active rate,Target,,,0.65,,,,,Share of customers who opened three months earlier and made a transaction themselves this month,,,
trend_K06,2026-07-01,Month-3 active rate,Actual,,,0.626856,,,,,Share of customers who opened three months earlier and made a transaction themselves this month,,,
trend_K06,2026-07-01,Month-3 active rate,Target,,,0.65,,,,,Share of customers who opened three months earlier and made a transaction themselves this month,,,
trend_K06,2026-08-01,Month-3 active rate,Actual,,,0.618573,,,,,Share of customers who opened three months earlier and made a transaction themselves this month,,,
trend_K06,2026-08-01,Month-3 active rate,Target,,,0.65,,,,,Share of customers who opened three months earlier and made a transaction themselves this month,,,
trend_K07,2024-09-01,Monthly active customers,Actual,,714.0,,,,,,Customers who made at least one transaction themselves in the month,,,
trend_K07,2024-09-01,Monthly active customers,Plan,,700.0,,,,,,Customers who made at least one transaction themselves in the month,,,
trend_K07,2024-10-01,Monthly active customers,Actual,,1338.0,,,,,,Customers who made at least one transaction themselves in the month,,,
trend_K07,2024-10-01,Monthly active customers,Plan,,1400.0,,,,,,Customers who made at least one transaction themselves in the month,,,
trend_K07,2024-11-01,Monthly active customers,Actual,,1984.0,,,,,,Customers who made at least one transaction themselves in the month,,,
trend_K07,2024-11-01,Monthly active customers,Plan,,2100.0,,,,,,Customers who made at least one transaction themselves in the month,,,
trend_K07,2024-12-01,Monthly active customers,Actual,,2666.0,,,,,,Customers who made at least one transaction themselves in the month,,,
trend_K07,2024-12-01,Monthly active customers,Plan,,2800.0,,,,,,Customers who made at least one transaction themselves in the month,,,
trend_K07,2025-01-01,Monthly active customers,Actual,,3292.0,,,,,,Customers who made at least one transaction themselves in the month,,,
trend_K07,2025-01-01,Monthly active customers,Plan,,3400.0,,,,,,Customers who made at least one transaction themselves in the month,,,
trend_K07,2025-02-01,Monthly active customers,Actual,,3835.0,,,,,,Customers who made at least one transaction themselves in the month,,,
trend_K07,2025-02-01,Monthly active customers,Plan,,4000.0,,,,,,Customers who made at least one transaction themselves in the month,,,
trend_K07,2025-03-01,Monthly active customers,Actual,,4576.0,,,,,,Customers who made at least one transaction themselves in the month,,,
trend_K07,2025-03-01,Monthly active customers,Plan,,4700.0,,,,,,Customers who made at least one transaction themselves in the month,,,
trend_K07,2025-04-01,Monthly active customers,Actual,,5263.0,,,,,,Customers who made at least one transaction themselves in the month,,,
trend_K07,2025-04-01,Monthly active customers,Plan,,5400.0,,,,,,Customers who made at least one transaction themselves in the month,,,
trend_K07,2025-05-01,Monthly active customers,Actual,,5907.0,,,,,,Customers who made at least one transaction themselves in the month,,,
trend_K07,2025-05-01,Monthly active customers,Plan,,6100.0,,,,,,Customers who made at least one transaction themselves in the month,,,
trend_K07,2025-06-01,Monthly active customers,Actual,,6615.0,,,,,,Customers who made at least one transaction themselves in the month,,,
trend_K07,2025-06-01,Monthly active customers,Plan,,6800.0,,,,,,Customers who made at least one transaction themselves in the month,,,
trend_K07,2025-07-01,Monthly active customers,Actual,,7379.0,,,,,,Customers who made at least one transaction themselves in the month,,,
trend_K07,2025-07-01,Monthly active customers,Plan,,7500.0,,,,,,Customers who made at least one transaction themselves in the month,,,
trend_K07,2025-08-01,Monthly active customers,Actual,,8065.0,,,,,,Customers who made at least one transaction themselves in the month,,,
trend_K07,2025-08-01,Monthly active customers,Plan,,8200.0,,,,,,Customers who made at least one transaction themselves in the month,,,
trend_K07,2025-09-01,Monthly active customers,Actual,,8815.0,,,,,,Customers who made at least one transaction themselves in the month,,,
trend_K07,2025-09-01,Monthly active customers,Plan,,8900.0,,,,,,Customers who made at least one transaction themselves in the month,,,
trend_K07,2025-10-01,Monthly active customers,Actual,,9488.0,,,,,,Customers who made at least one transaction themselves in the month,,,
trend_K07,2025-10-01,Monthly active customers,Plan,,9700.0,,,,,,Customers who made at least one transaction themselves in the month,,,
trend_K07,2025-11-01,Monthly active customers,Actual,,10370.0,,,,,,Customers who made at least one transaction themselves in the month,,,
trend_K07,2025-11-01,Monthly active customers,Plan,,10500.0,,,,,,Customers who made at least one transaction themselves in the month,,,
trend_K07,2025-12-01,Monthly active customers,Actual,,11201.0,,,,,,Customers who made at least one transaction themselves in the month,,,
trend_K07,2025-12-01,Monthly active customers,Plan,,11300.0,,,,,,Customers who made at least one transaction themselves in the month,,,
trend_K07,2026-01-01,Monthly active customers,Actual,,12000.0,,,,,,Customers who made at least one transaction themselves in the month,,,
trend_K07,2026-01-01,Monthly active customers,Plan,,12100.0,,,,,,Customers who made at least one transaction themselves in the month,,,
trend_K07,2026-02-01,Monthly active customers,Actual,,12794.0,,,,,,Customers who made at least one transaction themselves in the month,,,
trend_K07,2026-02-01,Monthly active customers,Plan,,12900.0,,,,,,Customers who made at least one transaction themselves in the month,,,
trend_K07,2026-03-01,Monthly active customers,Actual,,13772.0,,,,,,Customers who made at least one transaction themselves in the month,,,
trend_K07,2026-03-01,Monthly active customers,Plan,,13700.0,,,,,,Customers who made at least one transaction themselves in the month,,,
trend_K07,2026-04-01,Monthly active customers,Actual,,14515.0,,,,,,Customers who made at least one transaction themselves in the month,,,
trend_K07,2026-04-01,Monthly active customers,Plan,,14500.0,,,,,,Customers who made at least one transaction themselves in the month,,,
trend_K07,2026-05-01,Monthly active customers,Actual,,15643.0,,,,,,Customers who made at least one transaction themselves in the month,,,
trend_K07,2026-05-01,Monthly active customers,Plan,,15300.0,,,,,,Customers who made at least one transaction themselves in the month,,,
trend_K07,2026-06-01,Monthly active customers,Actual,,16516.0,,,,,,Customers who made at least one transaction themselves in the month,,,
trend_K07,2026-06-01,Monthly active customers,Plan,,16200.0,,,,,,Customers who made at least one transaction themselves in the month,,,
trend_K07,2026-07-01,Monthly active customers,Actual,,17527.0,,,,,,Customers who made at least one transaction themselves in the month,,,
trend_K07,2026-07-01,Monthly active customers,Plan,,17100.0,,,,,,Customers who made at least one transaction themselves in the month,,,
trend_K07,2026-08-01,Monthly active customers,Actual,,18522.0,,,,,,Customers who made at least one transaction themselves in the month,,,
trend_K07,2026-08-01,Monthly active customers,Plan,,18000.0,,,,,,Customers who made at least one transaction themselves in the month,,,
trend_K08,2024-09-01,Active customer rate,Actual,,,0.920103,,,,,Share of customers with an open account who were active in the month,,,
trend_K08,2024-09-01,Active customer rate,Target,,,0.65,,,,,Share of customers with an open account who were active in the month,,,
trend_K08,2024-10-01,Active customer rate,Actual,,,0.843632,,,,,Share of customers with an open account who were active in the month,,,
trend_K08,2024-10-01,Active customer rate,Target,,,0.65,,,,,Share of customers with an open account who were active in the month,,,
trend_K08,2024-11-01,Active customer rate,Actual,,,0.780181,,,,,Share of customers with an open account who were active in the month,,,
trend_K08,2024-11-01,Active customer rate,Target,,,0.65,,,,,Share of customers with an open account who were active in the month,,,
trend_K08,2024-12-01,Active customer rate,Actual,,,0.754173,,,,,Share of customers with an open account who were active in the month,,,
trend_K08,2024-12-01,Active customer rate,Target,,,0.65,,,,,Share of customers with an open account who were active in the month,,,
trend_K08,2025-01-01,Active customer rate,Actual,,,0.741608,,,,,Share of customers with an open account who were active in the month,,,
trend_K08,2025-01-01,Active customer rate,Target,,,0.65,,,,,Share of customers with an open account who were active in the month,,,
trend_K08,2025-02-01,Active customer rate,Actual,,,0.712693,,,,,Share of customers with an open account who were active in the month,,,
trend_K08,2025-02-01,Active customer rate,Target,,,0.65,,,,,Share of customers with an open account who were active in the month,,,
trend_K08,2025-03-01,Active customer rate,Actual,,,0.703567,,,,,Share of customers with an open account who were active in the month,,,
trend_K08,2025-03-01,Active customer rate,Target,,,0.65,,,,,Share of customers with an open account who were active in the month,,,
trend_K08,2025-04-01,Active customer rate,Actual,,,0.694785,,,,,Share of customers with an open account who were active in the month,,,
trend_K08,2025-04-01,Active customer rate,Target,,,0.65,,,,,Share of customers with an open account who were active in the month,,,
trend_K08,2025-05-01,Active customer rate,Actual,,,0.680295,,,,,Share of customers with an open account who were active in the month,,,
trend_K08,2025-05-01,Active customer rate,Target,,,0.65,,,,,Share of customers with an open account who were active in the month,,,
trend_K08,2025-06-01,Active customer rate,Actual,,,0.675966,,,,,Share of customers with an open account who were active in the month,,,
trend_K08,2025-06-01,Active customer rate,Target,,,0.65,,,,,Share of customers with an open account who were active in the month,,,
trend_K08,2025-07-01,Active customer rate,Actual,,,0.673328,,,,,Share of customers with an open account who were active in the month,,,
trend_K08,2025-07-01,Active customer rate,Target,,,0.65,,,,,Share of customers with an open account who were active in the month,,,
trend_K08,2025-08-01,Active customer rate,Actual,,,0.663022,,,,,Share of customers with an open account who were active in the month,,,
trend_K08,2025-08-01,Active customer rate,Target,,,0.65,,,,,Share of customers with an open account who were active in the month,,,
trend_K08,2025-09-01,Active customer rate,Actual,,,0.659115,,,,,Share of customers with an open account who were active in the month,,,
trend_K08,2025-09-01,Active customer rate,Target,,,0.65,,,,,Share of customers with an open account who were active in the month,,,
trend_K08,2025-10-01,Active customer rate,Actual,,,0.647027,,,,,Share of customers with an open account who were active in the month,,,
trend_K08,2025-10-01,Active customer rate,Target,,,0.65,,,,,Share of customers with an open account who were active in the month,,,
trend_K08,2025-11-01,Active customer rate,Actual,,,0.64663,,,,,Share of customers with an open account who were active in the month,,,
trend_K08,2025-11-01,Active customer rate,Target,,,0.65,,,,,Share of customers with an open account who were active in the month,,,
trend_K08,2025-12-01,Active customer rate,Actual,,,0.639181,,,,,Share of customers with an open account who were active in the month,,,
trend_K08,2025-12-01,Active customer rate,Target,,,0.65,,,,,Share of customers with an open account who were active in the month,,,
trend_K08,2026-01-01,Active customer rate,Actual,,,0.632045,,,,,Share of customers with an open account who were active in the month,,,
trend_K08,2026-01-01,Active customer rate,Target,,,0.65,,,,,Share of customers with an open account who were active in the month,,,
trend_K08,2026-02-01,Active customer rate,Actual,,,0.625991,,,,,Share of customers with an open account who were active in the month,,,
trend_K08,2026-02-01,Active customer rate,Target,,,0.65,,,,,Share of customers with an open account who were active in the month,,,
trend_K08,2026-03-01,Active customer rate,Actual,,,0.624439,,,,,Share of customers with an open account who were active in the month,,,
trend_K08,2026-03-01,Active customer rate,Target,,,0.65,,,,,Share of customers with an open account who were active in the month,,,
trend_K08,2026-04-01,Active customer rate,Actual,,,0.616401,,,,,Share of customers with an open account who were active in the month,,,
trend_K08,2026-04-01,Active customer rate,Target,,,0.65,,,,,Share of customers with an open account who were active in the month,,,
trend_K08,2026-05-01,Active customer rate,Actual,,,0.617471,,,,,Share of customers with an open account who were active in the month,,,
trend_K08,2026-05-01,Active customer rate,Target,,,0.65,,,,,Share of customers with an open account who were active in the month,,,
trend_K08,2026-06-01,Active customer rate,Actual,,,0.609829,,,,,Share of customers with an open account who were active in the month,,,
trend_K08,2026-06-01,Active customer rate,Target,,,0.65,,,,,Share of customers with an open account who were active in the month,,,
trend_K08,2026-07-01,Active customer rate,Actual,,,0.60603,,,,,Share of customers with an open account who were active in the month,,,
trend_K08,2026-07-01,Active customer rate,Target,,,0.65,,,,,Share of customers with an open account who were active in the month,,,
trend_K08,2026-08-01,Active customer rate,Actual,,,0.602322,,,,,Share of customers with an open account who were active in the month,,,
trend_K08,2026-08-01,Active customer rate,Target,,,0.65,,,,,Share of customers with an open account who were active in the month,,,
trend_K09,2024-09-01,Transactions per active customer,Actual,,,,,,7.0574,,"Transactions active customers made themselves, per customer",,,
trend_K09,2024-09-01,Transactions per active customer,Target,,,,,,9.0,,"Transactions active customers made themselves, per customer",,,
trend_K09,2024-10-01,Transactions per active customer,Actual,,,,,,8.1099,,"Transactions active customers made themselves, per customer",,,
trend_K09,2024-10-01,Transactions per active customer,Target,,,,,,9.0,,"Transactions active customers made themselves, per customer",,,
trend_K09,2024-11-01,Transactions per active customer,Actual,,,,,,8.6467,,"Transactions active customers made themselves, per customer",,,
trend_K09,2024-11-01,Transactions per active customer,Target,,,,,,9.0,,"Transactions active customers made themselves, per customer",,,
trend_K09,2024-12-01,Transactions per active customer,Actual,,,,,,8.8833,,"Transactions active customers made themselves, per customer",,,
trend_K09,2024-12-01,Transactions per active customer,Target,,,,,,9.0,,"Transactions active customers made themselves, per customer",,,
trend_K09,2025-01-01,Transactions per active customer,Actual,,,,,,9.1009,,"Transactions active customers made themselves, per customer",,,
trend_K09,2025-01-01,Transactions per active customer,Target,,,,,,9.0,,"Transactions active customers made themselves, per customer",,,
trend_K09,2025-02-01,Transactions per active customer,Actual,,,,,,9.3812,,"Transactions active customers made themselves, per customer",,,
trend_K09,2025-02-01,Transactions per active customer,Target,,,,,,9.0,,"Transactions active customers made themselves, per customer",,,
trend_K09,2025-03-01,Transactions per active customer,Actual,,,,,,9.7205,,"Transactions active customers made themselves, per customer",,,
trend_K09,2025-03-01,Transactions per active customer,Target,,,,,,9.0,,"Transactions active customers made themselves, per customer",,,
trend_K09,2025-04-01,Transactions per active customer,Actual,,,,,,9.693,,"Transactions active customers made themselves, per customer",,,
trend_K09,2025-04-01,Transactions per active customer,Target,,,,,,9.0,,"Transactions active customers made themselves, per customer",,,
trend_K09,2025-05-01,Transactions per active customer,Actual,,,,,,9.8524,,"Transactions active customers made themselves, per customer",,,
trend_K09,2025-05-01,Transactions per active customer,Target,,,,,,9.0,,"Transactions active customers made themselves, per customer",,,
trend_K09,2025-06-01,Transactions per active customer,Actual,,,,,,9.9057,,"Transactions active customers made themselves, per customer",,,
trend_K09,2025-06-01,Transactions per active customer,Target,,,,,,9.0,,"Transactions active customers made themselves, per customer",,,
trend_K09,2025-07-01,Transactions per active customer,Actual,,,,,,9.984,,"Transactions active customers made themselves, per customer",,,
trend_K09,2025-07-01,Transactions per active customer,Target,,,,,,9.0,,"Transactions active customers made themselves, per customer",,,
trend_K09,2025-08-01,Transactions per active customer,Actual,,,,,,9.9895,,"Transactions active customers made themselves, per customer",,,
trend_K09,2025-08-01,Transactions per active customer,Target,,,,,,9.0,,"Transactions active customers made themselves, per customer",,,
trend_K09,2025-09-01,Transactions per active customer,Actual,,,,,,9.9727,,"Transactions active customers made themselves, per customer",,,
trend_K09,2025-09-01,Transactions per active customer,Target,,,,,,9.0,,"Transactions active customers made themselves, per customer",,,
trend_K09,2025-10-01,Transactions per active customer,Actual,,,,,,9.9993,,"Transactions active customers made themselves, per customer",,,
trend_K09,2025-10-01,Transactions per active customer,Target,,,,,,9.0,,"Transactions active customers made themselves, per customer",,,
trend_K09,2025-11-01,Transactions per active customer,Actual,,,,,,10.0633,,"Transactions active customers made themselves, per customer",,,
trend_K09,2025-11-01,Transactions per active customer,Target,,,,,,9.0,,"Transactions active customers made themselves, per customer",,,
trend_K09,2025-12-01,Transactions per active customer,Actual,,,,,,10.0221,,"Transactions active customers made themselves, per customer",,,
trend_K09,2025-12-01,Transactions per active customer,Target,,,,,,9.0,,"Transactions active customers made themselves, per customer",,,
trend_K09,2026-01-01,Transactions per active customer,Actual,,,,,,10.071,,"Transactions active customers made themselves, per customer",,,
trend_K09,2026-01-01,Transactions per active customer,Target,,,,,,9.0,,"Transactions active customers made themselves, per customer",,,
trend_K09,2026-02-01,Transactions per active customer,Actual,,,,,,10.1307,,"Transactions active customers made themselves, per customer",,,
trend_K09,2026-02-01,Transactions per active customer,Target,,,,,,9.0,,"Transactions active customers made themselves, per customer",,,
trend_K09,2026-03-01,Transactions per active customer,Actual,,,,,,10.1272,,"Transactions active customers made themselves, per customer",,,
trend_K09,2026-03-01,Transactions per active customer,Target,,,,,,9.0,,"Transactions active customers made themselves, per customer",,,
trend_K09,2026-04-01,Transactions per active customer,Actual,,,,,,10.2435,,"Transactions active customers made themselves, per customer",,,
trend_K09,2026-04-01,Transactions per active customer,Target,,,,,,9.0,,"Transactions active customers made themselves, per customer",,,
trend_K09,2026-05-01,Transactions per active customer,Actual,,,,,,10.209,,"Transactions active customers made themselves, per customer",,,
trend_K09,2026-05-01,Transactions per active customer,Target,,,,,,9.0,,"Transactions active customers made themselves, per customer",,,
trend_K09,2026-06-01,Transactions per active customer,Actual,,,,,,10.2792,,"Transactions active customers made themselves, per customer",,,
trend_K09,2026-06-01,Transactions per active customer,Target,,,,,,9.0,,"Transactions active customers made themselves, per customer",,,
trend_K09,2026-07-01,Transactions per active customer,Actual,,,,,,10.2299,,"Transactions active customers made themselves, per customer",,,
trend_K09,2026-07-01,Transactions per active customer,Target,,,,,,9.0,,"Transactions active customers made themselves, per customer",,,
trend_K09,2026-08-01,Transactions per active customer,Actual,,,,,,10.3262,,"Transactions active customers made themselves, per customer",,,
trend_K09,2026-08-01,Transactions per active customer,Target,,,,,,9.0,,"Transactions active customers made themselves, per customer",,,
trend_K10,2024-09-01,Card activation within 30 days,Actual,,,0.604207,,,,,Share of the month's new customers with a debit card who activated it within 30 days of opening,,,
trend_K10,2024-09-01,Card activation within 30 days,Target,,,0.65,,,,,Share of the month's new customers with a debit card who activated it within 30 days of opening,,,
trend_K10,2024-10-01,Card activation within 30 days,Actual,,,0.557461,,,,,Share of the month's new customers with a debit card who activated it within 30 days of opening,,,
trend_K10,2024-10-01,Card activation within 30 days,Target,,,0.65,,,,,Share of the month's new customers with a debit card who activated it within 30 days of opening,,,
trend_K10,2024-11-01,Card activation within 30 days,Actual,,,0.610542,,,,,Share of the month's new customers with a debit card who activated it within 30 days of opening,,,
trend_K10,2024-11-01,Card activation within 30 days,Target,,,0.65,,,,,Share of the month's new customers with a debit card who activated it within 30 days of opening,,,
trend_K10,2024-12-01,Card activation within 30 days,Actual,,,0.56,,,,,Share of the month's new customers with a debit card who activated it within 30 days of opening,,,
trend_K10,2024-12-01,Card activation within 30 days,Target,,,0.65,,,,,Share of the month's new customers with a debit card who activated it within 30 days of opening,,,
trend_K10,2025-01-01,Card activation within 30 days,Actual,,,0.564444,,,,,Share of the month's new customers with a debit card who activated it within 30 days of opening,,,
trend_K10,2025-01-01,Card activation within 30 days,Target,,,0.65,,,,,Share of the month's new customers with a debit card who activated it within 30 days of opening,,,
trend_K10,2025-02-01,Card activation within 30 days,Actual,,,0.617689,,,,,Share of the month's new customers with a debit card who activated it within 30 days of opening,,,
trend_K10,2025-02-01,Card activation within 30 days,Target,,,0.65,,,,,Share of the month's new customers with a debit card who activated it within 30 days of opening,,,
trend_K10,2025-03-01,Card activation within 30 days,Actual,,,0.616687,,,,,Share of the month's new customers with a debit card who activated it within 30 days of opening,,,
trend_K10,2025-03-01,Card activation within 30 days,Target,,,0.65,,,,,Share of the month's new customers with a debit card who activated it within 30 days of opening,,,
trend_K10,2025-04-01,Card activation within 30 days,Actual,,,0.613692,,,,,Share of the month's new customers with a debit card who activated it within 30 days of opening,,,
trend_K10,2025-04-01,Card activation within 30 days,Target,,,0.65,,,,,Share of the month's new customers with a debit card who activated it within 30 days of opening,,,
trend_K10,2025-05-01,Card activation within 30 days,Actual,,,0.591358,,,,,Share of the month's new customers with a debit card who activated it within 30 days of opening,,,
trend_K10,2025-05-01,Card activation within 30 days,Target,,,0.65,,,,,Share of the month's new customers with a debit card who activated it within 30 days of opening,,,
trend_K10,2025-06-01,Card activation within 30 days,Actual,,,0.617925,,,,,Share of the month's new customers with a debit card who activated it within 30 days of opening,,,
trend_K10,2025-06-01,Card activation within 30 days,Target,,,0.65,,,,,Share of the month's new customers with a debit card who activated it within 30 days of opening,,,
trend_K10,2025-07-01,Card activation within 30 days,Actual,,,0.568235,,,,,Share of the month's new customers with a debit card who activated it within 30 days of opening,,,
trend_K10,2025-07-01,Card activation within 30 days,Target,,,0.65,,,,,Share of the month's new customers with a debit card who activated it within 30 days of opening,,,
trend_K10,2025-08-01,Card activation within 30 days,Actual,,,0.605696,,,,,Share of the month's new customers with a debit card who activated it within 30 days of opening,,,
trend_K10,2025-08-01,Card activation within 30 days,Target,,,0.65,,,,,Share of the month's new customers with a debit card who activated it within 30 days of opening,,,
trend_K10,2025-09-01,Card activation within 30 days,Actual,,,0.582796,,,,,Share of the month's new customers with a debit card who activated it within 30 days of opening,,,
trend_K10,2025-09-01,Card activation within 30 days,Target,,,0.65,,,,,Share of the month's new customers with a debit card who activated it within 30 days of opening,,,
trend_K10,2025-10-01,Card activation within 30 days,Actual,,,0.591097,,,,,Share of the month's new customers with a debit card who activated it within 30 days of opening,,,
trend_K10,2025-10-01,Card activation within 30 days,Target,,,0.65,,,,,Share of the month's new customers with a debit card who activated it within 30 days of opening,,,
trend_K10,2025-11-01,Card activation within 30 days,Actual,,,0.583661,,,,,Share of the month's new customers with a debit card who activated it within 30 days of opening,,,
trend_K10,2025-11-01,Card activation within 30 days,Target,,,0.65,,,,,Share of the month's new customers with a debit card who activated it within 30 days of opening,,,
trend_K10,2025-12-01,Card activation within 30 days,Actual,,,0.563896,,,,,Share of the month's new customers with a debit card who activated it within 30 days of opening,,,
trend_K10,2025-12-01,Card activation within 30 days,Target,,,0.65,,,,,Share of the month's new customers with a debit card who activated it within 30 days of opening,,,
trend_K10,2026-01-01,Card activation within 30 days,Actual,,,0.588025,,,,,Share of the month's new customers with a debit card who activated it within 30 days of opening,,,
trend_K10,2026-01-01,Card activation within 30 days,Target,,,0.65,,,,,Share of the month's new customers with a debit card who activated it within 30 days of opening,,,
trend_K10,2026-02-01,Card activation within 30 days,Actual,,,0.616962,,,,,Share of the month's new customers with a debit card who activated it within 30 days of opening,,,
trend_K10,2026-02-01,Card activation within 30 days,Target,,,0.65,,,,,Share of the month's new customers with a debit card who activated it within 30 days of opening,,,
trend_K10,2026-03-01,Card activation within 30 days,Actual,,,0.595179,,,,,Share of the month's new customers with a debit card who activated it within 30 days of opening,,,
trend_K10,2026-03-01,Card activation within 30 days,Target,,,0.65,,,,,Share of the month's new customers with a debit card who activated it within 30 days of opening,,,
trend_K10,2026-04-01,Card activation within 30 days,Actual,,,0.590179,,,,,Share of the month's new customers with a debit card who activated it within 30 days of opening,,,
trend_K10,2026-04-01,Card activation within 30 days,Target,,,0.65,,,,,Share of the month's new customers with a debit card who activated it within 30 days of opening,,,
trend_K10,2026-05-01,Card activation within 30 days,Actual,,,0.57592,,,,,Share of the month's new customers with a debit card who activated it within 30 days of opening,,,
trend_K10,2026-05-01,Card activation within 30 days,Target,,,0.65,,,,,Share of the month's new customers with a debit card who activated it within 30 days of opening,,,
trend_K10,2026-06-01,Card activation within 30 days,Actual,,,0.584166,,,,,Share of the month's new customers with a debit card who activated it within 30 days of opening,,,
trend_K10,2026-06-01,Card activation within 30 days,Target,,,0.65,,,,,Share of the month's new customers with a debit card who activated it within 30 days of opening,,,
trend_K10,2026-07-01,Card activation within 30 days,Actual,,,0.58266,,,,,Share of the month's new customers with a debit card who activated it within 30 days of opening,,,
trend_K10,2026-07-01,Card activation within 30 days,Target,,,0.65,,,,,Share of the month's new customers with a debit card who activated it within 30 days of opening,,,
trend_K11,2024-09-01,Debit card spend,Actual,,,,0.32,,,,Card purchases settled and posted to the ledger in the month,,,
trend_K11,2024-09-01,Debit card spend,Target,,,,15.0,,,,Card purchases settled and posted to the ledger in the month,,,
trend_K11,2024-10-01,Debit card spend,Actual,,,,0.7595,,,,Card purchases settled and posted to the ledger in the month,,,
trend_K11,2024-10-01,Debit card spend,Target,,,,15.0,,,,Card purchases settled and posted to the ledger in the month,,,
trend_K11,2024-11-01,Debit card spend,Actual,,,,1.2837,,,,Card purchases settled and posted to the ledger in the month,,,
trend_K11,2024-11-01,Debit card spend,Target,,,,15.0,,,,Card purchases settled and posted to the ledger in the month,,,
trend_K11,2024-12-01,Debit card spend,Actual,,,,1.7913,,,,Card purchases settled and posted to the ledger in the month,,,
trend_K11,2024-12-01,Debit card spend,Target,,,,15.0,,,,Card purchases settled and posted to the ledger in the month,,,
trend_K11,2025-01-01,Debit card spend,Actual,,,,2.8282,,,,Card purchases settled and posted to the ledger in the month,,,
trend_K11,2025-01-01,Debit card spend,Target,,,,15.0,,,,Card purchases settled and posted to the ledger in the month,,,
trend_K11,2025-02-01,Debit card spend,Actual,,,,3.4465,,,,Card purchases settled and posted to the ledger in the month,,,
trend_K11,2025-02-01,Debit card spend,Target,,,,15.0,,,,Card purchases settled and posted to the ledger in the month,,,
trend_K11,2025-03-01,Debit card spend,Actual,,,,4.0708,,,,Card purchases settled and posted to the ledger in the month,,,
trend_K11,2025-03-01,Debit card spend,Target,,,,15.0,,,,Card purchases settled and posted to the ledger in the month,,,
trend_K11,2025-04-01,Debit card spend,Actual,,,,4.5184,,,,Card purchases settled and posted to the ledger in the month,,,
trend_K11,2025-04-01,Debit card spend,Target,,,,15.0,,,,Card purchases settled and posted to the ledger in the month,,,
trend_K11,2025-05-01,Debit card spend,Actual,,,,4.9803,,,,Card purchases settled and posted to the ledger in the month,,,
trend_K11,2025-05-01,Debit card spend,Target,,,,15.0,,,,Card purchases settled and posted to the ledger in the month,,,
trend_K11,2025-06-01,Debit card spend,Actual,,,,5.8337,,,,Card purchases settled and posted to the ledger in the month,,,
trend_K11,2025-06-01,Debit card spend,Target,,,,15.0,,,,Card purchases settled and posted to the ledger in the month,,,
trend_K11,2025-07-01,Debit card spend,Actual,,,,7.0448,,,,Card purchases settled and posted to the ledger in the month,,,
trend_K11,2025-07-01,Debit card spend,Target,,,,15.0,,,,Card purchases settled and posted to the ledger in the month,,,
trend_K11,2025-08-01,Debit card spend,Actual,,,,7.8967,,,,Card purchases settled and posted to the ledger in the month,,,
trend_K11,2025-08-01,Debit card spend,Target,,,,15.0,,,,Card purchases settled and posted to the ledger in the month,,,
trend_K11,2025-09-01,Debit card spend,Actual,,,,8.3636,,,,Card purchases settled and posted to the ledger in the month,,,
trend_K11,2025-09-01,Debit card spend,Target,,,,15.0,,,,Card purchases settled and posted to the ledger in the month,,,
trend_K11,2025-10-01,Debit card spend,Actual,,,,9.259,,,,Card purchases settled and posted to the ledger in the month,,,
trend_K11,2025-10-01,Debit card spend,Target,,,,15.0,,,,Card purchases settled and posted to the ledger in the month,,,
trend_K11,2025-11-01,Debit card spend,Actual,,,,10.0855,,,,Card purchases settled and posted to the ledger in the month,,,
trend_K11,2025-11-01,Debit card spend,Target,,,,15.0,,,,Card purchases settled and posted to the ledger in the month,,,
trend_K11,2025-12-01,Debit card spend,Actual,,,,10.6058,,,,Card purchases settled and posted to the ledger in the month,,,
trend_K11,2025-12-01,Debit card spend,Target,,,,15.0,,,,Card purchases settled and posted to the ledger in the month,,,
trend_K11,2026-01-01,Debit card spend,Actual,,,,10.8503,,,,Card purchases settled and posted to the ledger in the month,,,
trend_K11,2026-01-01,Debit card spend,Target,,,,15.0,,,,Card purchases settled and posted to the ledger in the month,,,
trend_K11,2026-02-01,Debit card spend,Actual,,,,11.5461,,,,Card purchases settled and posted to the ledger in the month,,,
trend_K11,2026-02-01,Debit card spend,Target,,,,15.0,,,,Card purchases settled and posted to the ledger in the month,,,
trend_K11,2026-03-01,Debit card spend,Actual,,,,12.3777,,,,Card purchases settled and posted to the ledger in the month,,,
trend_K11,2026-03-01,Debit card spend,Target,,,,15.0,,,,Card purchases settled and posted to the ledger in the month,,,
trend_K11,2026-04-01,Debit card spend,Actual,,,,13.3155,,,,Card purchases settled and posted to the ledger in the month,,,
trend_K11,2026-04-01,Debit card spend,Target,,,,15.0,,,,Card purchases settled and posted to the ledger in the month,,,
trend_K11,2026-05-01,Debit card spend,Actual,,,,14.2479,,,,Card purchases settled and posted to the ledger in the month,,,
trend_K11,2026-05-01,Debit card spend,Target,,,,15.0,,,,Card purchases settled and posted to the ledger in the month,,,
trend_K11,2026-06-01,Debit card spend,Actual,,,,15.1161,,,,Card purchases settled and posted to the ledger in the month,,,
trend_K11,2026-06-01,Debit card spend,Target,,,,15.0,,,,Card purchases settled and posted to the ledger in the month,,,
trend_K11,2026-07-01,Debit card spend,Actual,,,,15.629,,,,Card purchases settled and posted to the ledger in the month,,,
trend_K11,2026-07-01,Debit card spend,Target,,,,15.0,,,,Card purchases settled and posted to the ledger in the month,,,
trend_K11,2026-08-01,Debit card spend,Actual,,,,16.9408,,,,Card purchases settled and posted to the ledger in the month,,,
trend_K11,2026-08-01,Debit card spend,Target,,,,15.0,,,,Card purchases settled and posted to the ledger in the month,,,
trend_K12,2024-09-01,Card approval rate,Actual,,,0.956155,,,,,Share of card authorisation attempts approved,,,
trend_K12,2024-09-01,Card approval rate,Target,,,0.95,,,,,Share of card authorisation attempts approved,,,
trend_K12,2024-10-01,Card approval rate,Actual,,,0.951657,,,,,Share of card authorisation attempts approved,,,
trend_K12,2024-10-01,Card approval rate,Target,,,0.95,,,,,Share of card authorisation attempts approved,,,
trend_K12,2024-11-01,Card approval rate,Actual,,,0.954969,,,,,Share of card authorisation attempts approved,,,
trend_K12,2024-11-01,Card approval rate,Target,,,0.95,,,,,Share of card authorisation attempts approved,,,
trend_K12,2024-12-01,Card approval rate,Actual,,,0.952537,,,,,Share of card authorisation attempts approved,,,
trend_K12,2024-12-01,Card approval rate,Target,,,0.95,,,,,Share of card authorisation attempts approved,,,
trend_K12,2025-01-01,Card approval rate,Actual,,,0.953978,,,,,Share of card authorisation attempts approved,,,
trend_K12,2025-01-01,Card approval rate,Target,,,0.95,,,,,Share of card authorisation attempts approved,,,
trend_K12,2025-02-01,Card approval rate,Actual,,,0.952992,,,,,Share of card authorisation attempts approved,,,
trend_K12,2025-02-01,Card approval rate,Target,,,0.95,,,,,Share of card authorisation attempts approved,,,
trend_K12,2025-03-01,Card approval rate,Actual,,,0.951196,,,,,Share of card authorisation attempts approved,,,
trend_K12,2025-03-01,Card approval rate,Target,,,0.95,,,,,Share of card authorisation attempts approved,,,
trend_K12,2025-04-01,Card approval rate,Actual,,,0.953925,,,,,Share of card authorisation attempts approved,,,
trend_K12,2025-04-01,Card approval rate,Target,,,0.95,,,,,Share of card authorisation attempts approved,,,
trend_K12,2025-05-01,Card approval rate,Actual,,,0.951583,,,,,Share of card authorisation attempts approved,,,
trend_K12,2025-05-01,Card approval rate,Target,,,0.95,,,,,Share of card authorisation attempts approved,,,
trend_K12,2025-06-01,Card approval rate,Actual,,,0.952233,,,,,Share of card authorisation attempts approved,,,
trend_K12,2025-06-01,Card approval rate,Target,,,0.95,,,,,Share of card authorisation attempts approved,,,
trend_K12,2025-07-01,Card approval rate,Actual,,,0.953467,,,,,Share of card authorisation attempts approved,,,
trend_K12,2025-07-01,Card approval rate,Target,,,0.95,,,,,Share of card authorisation attempts approved,,,
trend_K12,2025-08-01,Card approval rate,Actual,,,0.951964,,,,,Share of card authorisation attempts approved,,,
trend_K12,2025-08-01,Card approval rate,Target,,,0.95,,,,,Share of card authorisation attempts approved,,,
trend_K12,2025-09-01,Card approval rate,Actual,,,0.952837,,,,,Share of card authorisation attempts approved,,,
trend_K12,2025-09-01,Card approval rate,Target,,,0.95,,,,,Share of card authorisation attempts approved,,,
trend_K12,2025-10-01,Card approval rate,Actual,,,0.953391,,,,,Share of card authorisation attempts approved,,,
trend_K12,2025-10-01,Card approval rate,Target,,,0.95,,,,,Share of card authorisation attempts approved,,,
trend_K12,2025-11-01,Card approval rate,Actual,,,0.951394,,,,,Share of card authorisation attempts approved,,,
trend_K12,2025-11-01,Card approval rate,Target,,,0.95,,,,,Share of card authorisation attempts approved,,,
trend_K12,2025-12-01,Card approval rate,Actual,,,0.949865,,,,,Share of card authorisation attempts approved,,,
trend_K12,2025-12-01,Card approval rate,Target,,,0.95,,,,,Share of card authorisation attempts approved,,,
trend_K12,2026-01-01,Card approval rate,Actual,,,0.953109,,,,,Share of card authorisation attempts approved,,,
trend_K12,2026-01-01,Card approval rate,Target,,,0.95,,,,,Share of card authorisation attempts approved,,,
trend_K12,2026-02-01,Card approval rate,Actual,,,0.95294,,,,,Share of card authorisation attempts approved,,,
trend_K12,2026-02-01,Card approval rate,Target,,,0.95,,,,,Share of card authorisation attempts approved,,,
trend_K12,2026-03-01,Card approval rate,Actual,,,0.950784,,,,,Share of card authorisation attempts approved,,,
trend_K12,2026-03-01,Card approval rate,Target,,,0.95,,,,,Share of card authorisation attempts approved,,,
trend_K12,2026-04-01,Card approval rate,Actual,,,0.951122,,,,,Share of card authorisation attempts approved,,,
trend_K12,2026-04-01,Card approval rate,Target,,,0.95,,,,,Share of card authorisation attempts approved,,,
trend_K12,2026-05-01,Card approval rate,Actual,,,0.950864,,,,,Share of card authorisation attempts approved,,,
trend_K12,2026-05-01,Card approval rate,Target,,,0.95,,,,,Share of card authorisation attempts approved,,,
trend_K12,2026-06-01,Card approval rate,Actual,,,0.953251,,,,,Share of card authorisation attempts approved,,,
trend_K12,2026-06-01,Card approval rate,Target,,,0.95,,,,,Share of card authorisation attempts approved,,,
trend_K12,2026-07-01,Card approval rate,Actual,,,0.952931,,,,,Share of card authorisation attempts approved,,,
trend_K12,2026-07-01,Card approval rate,Target,,,0.95,,,,,Share of card authorisation attempts approved,,,
trend_K12,2026-08-01,Card approval rate,Actual,,,0.952671,,,,,Share of card authorisation attempts approved,,,
trend_K12,2026-08-01,Card approval rate,Target,,,0.95,,,,,Share of card authorisation attempts approved,,,
trend_K13,2024-09-01,Total deposits,Actual,,,,2.4332,,,,Savings (CASA) and fixed deposit balances at month end,,,
trend_K13,2024-09-01,Total deposits,Plan,,,,2.5,,,,Savings (CASA) and fixed deposit balances at month end,,,
trend_K13,2024-10-01,Total deposits,Actual,,,,5.2975,,,,Savings (CASA) and fixed deposit balances at month end,,,
trend_K13,2024-10-01,Total deposits,Plan,,,,5.0,,,,Savings (CASA) and fixed deposit balances at month end,,,
trend_K13,2024-11-01,Total deposits,Actual,,,,8.107,,,,Savings (CASA) and fixed deposit balances at month end,,,
trend_K13,2024-11-01,Total deposits,Plan,,,,8.0,,,,Savings (CASA) and fixed deposit balances at month end,,,
trend_K13,2024-12-01,Total deposits,Actual,,,,11.6069,,,,Savings (CASA) and fixed deposit balances at month end,,,
trend_K13,2024-12-01,Total deposits,Plan,,,,11.0,,,,Savings (CASA) and fixed deposit balances at month end,,,
trend_K13,2025-01-01,Total deposits,Actual,,,,15.7529,,,,Savings (CASA) and fixed deposit balances at month end,,,
trend_K13,2025-01-01,Total deposits,Plan,,,,14.0,,,,Savings (CASA) and fixed deposit balances at month end,,,
trend_K13,2025-02-01,Total deposits,Actual,,,,20.2374,,,,Savings (CASA) and fixed deposit balances at month end,,,
trend_K13,2025-02-01,Total deposits,Plan,,,,17.5,,,,Savings (CASA) and fixed deposit balances at month end,,,
trend_K13,2025-03-01,Total deposits,Actual,,,,25.4003,,,,Savings (CASA) and fixed deposit balances at month end,,,
trend_K13,2025-03-01,Total deposits,Plan,,,,21.0,,,,Savings (CASA) and fixed deposit balances at month end,,,
trend_K13,2025-04-01,Total deposits,Actual,,,,31.8963,,,,Savings (CASA) and fixed deposit balances at month end,,,
trend_K13,2025-04-01,Total deposits,Plan,,,,25.0,,,,Savings (CASA) and fixed deposit balances at month end,,,
trend_K13,2025-05-01,Total deposits,Actual,,,,38.4983,,,,Savings (CASA) and fixed deposit balances at month end,,,
trend_K13,2025-05-01,Total deposits,Plan,,,,29.0,,,,Savings (CASA) and fixed deposit balances at month end,,,
trend_K13,2025-06-01,Total deposits,Actual,,,,43.5543,,,,Savings (CASA) and fixed deposit balances at month end,,,
trend_K13,2025-06-01,Total deposits,Plan,,,,33.0,,,,Savings (CASA) and fixed deposit balances at month end,,,
trend_K13,2025-07-01,Total deposits,Actual,,,,49.9197,,,,Savings (CASA) and fixed deposit balances at month end,,,
trend_K13,2025-07-01,Total deposits,Plan,,,,37.5,,,,Savings (CASA) and fixed deposit balances at month end,,,
trend_K13,2025-08-01,Total deposits,Actual,,,,55.2832,,,,Savings (CASA) and fixed deposit balances at month end,,,
trend_K13,2025-08-01,Total deposits,Plan,,,,42.0,,,,Savings (CASA) and fixed deposit balances at month end,,,
trend_K13,2025-09-01,Total deposits,Actual,,,,60.465,,,,Savings (CASA) and fixed deposit balances at month end,,,
trend_K13,2025-09-01,Total deposits,Plan,,,,47.0,,,,Savings (CASA) and fixed deposit balances at month end,,,
trend_K13,2025-10-01,Total deposits,Actual,,,,64.9326,,,,Savings (CASA) and fixed deposit balances at month end,,,
trend_K13,2025-10-01,Total deposits,Plan,,,,52.0,,,,Savings (CASA) and fixed deposit balances at month end,,,
trend_K13,2025-11-01,Total deposits,Actual,,,,70.2032,,,,Savings (CASA) and fixed deposit balances at month end,,,
trend_K13,2025-11-01,Total deposits,Plan,,,,57.5,,,,Savings (CASA) and fixed deposit balances at month end,,,
trend_K13,2025-12-01,Total deposits,Actual,,,,76.4473,,,,Savings (CASA) and fixed deposit balances at month end,,,
trend_K13,2025-12-01,Total deposits,Plan,,,,63.0,,,,Savings (CASA) and fixed deposit balances at month end,,,
trend_K13,2026-01-01,Total deposits,Actual,,,,82.5123,,,,Savings (CASA) and fixed deposit balances at month end,,,
trend_K13,2026-01-01,Total deposits,Plan,,,,69.0,,,,Savings (CASA) and fixed deposit balances at month end,,,
trend_K13,2026-02-01,Total deposits,Actual,,,,89.7364,,,,Savings (CASA) and fixed deposit balances at month end,,,
trend_K13,2026-02-01,Total deposits,Plan,,,,75.0,,,,Savings (CASA) and fixed deposit balances at month end,,,
trend_K13,2026-03-01,Total deposits,Actual,,,,95.4213,,,,Savings (CASA) and fixed deposit balances at month end,,,
trend_K13,2026-03-01,Total deposits,Plan,,,,81.0,,,,Savings (CASA) and fixed deposit balances at month end,,,
trend_K13,2026-04-01,Total deposits,Actual,,,,102.4116,,,,Savings (CASA) and fixed deposit balances at month end,,,
trend_K13,2026-04-01,Total deposits,Plan,,,,87.5,,,,Savings (CASA) and fixed deposit balances at month end,,,
trend_K13,2026-05-01,Total deposits,Actual,,,,109.869,,,,Savings (CASA) and fixed deposit balances at month end,,,
trend_K13,2026-05-01,Total deposits,Plan,,,,94.0,,,,Savings (CASA) and fixed deposit balances at month end,,,
trend_K13,2026-06-01,Total deposits,Actual,,,,116.9686,,,,Savings (CASA) and fixed deposit balances at month end,,,
trend_K13,2026-06-01,Total deposits,Plan,,,,101.0,,,,Savings (CASA) and fixed deposit balances at month end,,,
trend_K13,2026-07-01,Total deposits,Actual,,,,124.9127,,,,Savings (CASA) and fixed deposit balances at month end,,,
trend_K13,2026-07-01,Total deposits,Plan,,,,108.0,,,,Savings (CASA) and fixed deposit balances at month end,,,
trend_K13,2026-08-01,Total deposits,Actual,,,,132.1827,,,,Savings (CASA) and fixed deposit balances at month end,,,
trend_K13,2026-08-01,Total deposits,Plan,,,,115.0,,,,Savings (CASA) and fixed deposit balances at month end,,,
trend_K14,2024-09-01,CASA ratio,Actual,,,0.970697,,,,,Share of deposits held in current and savings accounts rather than fixed deposits,,,
trend_K14,2024-09-01,CASA ratio,Plan,,,0.9,,,,,Share of deposits held in current and savings accounts rather than fixed deposits,,,
trend_K14,2024-10-01,CASA ratio,Actual,,,0.950448,,,,,Share of deposits held in current and savings accounts rather than fixed deposits,,,
trend_K14,2024-10-01,CASA ratio,Plan,,,0.9,,,,,Share of deposits held in current and savings accounts rather than fixed deposits,,,
trend_K14,2024-11-01,CASA ratio,Actual,,,0.931257,,,,,Share of deposits held in current and savings accounts rather than fixed deposits,,,
trend_K14,2024-11-01,CASA ratio,Plan,,,0.9,,,,,Share of deposits held in current and savings accounts rather than fixed deposits,,,
trend_K14,2024-12-01,CASA ratio,Actual,,,0.930308,,,,,Share of deposits held in current and savings accounts rather than fixed deposits,,,
trend_K14,2024-12-01,CASA ratio,Plan,,,0.9,,,,,Share of deposits held in current and savings accounts rather than fixed deposits,,,
trend_K14,2025-01-01,CASA ratio,Actual,,,0.919551,,,,,Share of deposits held in current and savings accounts rather than fixed deposits,,,
trend_K14,2025-01-01,CASA ratio,Plan,,,0.8,,,,,Share of deposits held in current and savings accounts rather than fixed deposits,,,
trend_K14,2025-02-01,CASA ratio,Actual,,,0.911164,,,,,Share of deposits held in current and savings accounts rather than fixed deposits,,,
trend_K14,2025-02-01,CASA ratio,Plan,,,0.8,,,,,Share of deposits held in current and savings accounts rather than fixed deposits,,,
trend_K14,2025-03-01,CASA ratio,Actual,,,0.775258,,,,,Share of deposits held in current and savings accounts rather than fixed deposits,,,
trend_K14,2025-03-01,CASA ratio,Plan,,,0.8,,,,,Share of deposits held in current and savings accounts rather than fixed deposits,,,
trend_K14,2025-04-01,CASA ratio,Actual,,,0.675589,,,,,Share of deposits held in current and savings accounts rather than fixed deposits,,,
trend_K14,2025-04-01,CASA ratio,Plan,,,0.8,,,,,Share of deposits held in current and savings accounts rather than fixed deposits,,,
trend_K14,2025-05-01,CASA ratio,Actual,,,0.631111,,,,,Share of deposits held in current and savings accounts rather than fixed deposits,,,
trend_K14,2025-05-01,CASA ratio,Plan,,,0.8,,,,,Share of deposits held in current and savings accounts rather than fixed deposits,,,
trend_K14,2025-06-01,CASA ratio,Actual,,,0.655776,,,,,Share of deposits held in current and savings accounts rather than fixed deposits,,,
trend_K14,2025-06-01,CASA ratio,Plan,,,0.8,,,,,Share of deposits held in current and savings accounts rather than fixed deposits,,,
trend_K14,2025-07-01,CASA ratio,Actual,,,0.683107,,,,,Share of deposits held in current and savings accounts rather than fixed deposits,,,
trend_K14,2025-07-01,CASA ratio,Plan,,,0.8,,,,,Share of deposits held in current and savings accounts rather than fixed deposits,,,
trend_K14,2025-08-01,CASA ratio,Actual,,,0.691769,,,,,Share of deposits held in current and savings accounts rather than fixed deposits,,,
trend_K14,2025-08-01,CASA ratio,Plan,,,0.8,,,,,Share of deposits held in current and savings accounts rather than fixed deposits,,,
trend_K14,2025-09-01,CASA ratio,Actual,,,0.729641,,,,,Share of deposits held in current and savings accounts rather than fixed deposits,,,
trend_K14,2025-09-01,CASA ratio,Plan,,,0.8,,,,,Share of deposits held in current and savings accounts rather than fixed deposits,,,
trend_K14,2025-10-01,CASA ratio,Actual,,,0.778166,,,,,Share of deposits held in current and savings accounts rather than fixed deposits,,,
trend_K14,2025-10-01,CASA ratio,Plan,,,0.8,,,,,Share of deposits held in current and savings accounts rather than fixed deposits,,,
trend_K14,2025-11-01,CASA ratio,Actual,,,0.805801,,,,,Share of deposits held in current and savings accounts rather than fixed deposits,,,
trend_K14,2025-11-01,CASA ratio,Plan,,,0.8,,,,,Share of deposits held in current and savings accounts rather than fixed deposits,,,
trend_K14,2025-12-01,CASA ratio,Actual,,,0.794811,,,,,Share of deposits held in current and savings accounts rather than fixed deposits,,,
trend_K14,2025-12-01,CASA ratio,Plan,,,0.8,,,,,Share of deposits held in current and savings accounts rather than fixed deposits,,,
trend_K14,2026-01-01,CASA ratio,Actual,,,0.78938,,,,,Share of deposits held in current and savings accounts rather than fixed deposits,,,
trend_K14,2026-01-01,CASA ratio,Plan,,,0.8,,,,,Share of deposits held in current and savings accounts rather than fixed deposits,,,
trend_K14,2026-02-01,CASA ratio,Actual,,,0.788659,,,,,Share of deposits held in current and savings accounts rather than fixed deposits,,,
trend_K14,2026-02-01,CASA ratio,Plan,,,0.8,,,,,Share of deposits held in current and savings accounts rather than fixed deposits,,,
trend_K14,2026-03-01,CASA ratio,Actual,,,0.788372,,,,,Share of deposits held in current and savings accounts rather than fixed deposits,,,
trend_K14,2026-03-01,CASA ratio,Plan,,,0.8,,,,,Share of deposits held in current and savings accounts rather than fixed deposits,,,
trend_K14,2026-04-01,CASA ratio,Actual,,,0.790987,,,,,Share of deposits held in current and savings accounts rather than fixed deposits,,,
trend_K14,2026-04-01,CASA ratio,Plan,,,0.8,,,,,Share of deposits held in current and savings accounts rather than fixed deposits,,,
trend_K14,2026-05-01,CASA ratio,Actual,,,0.789027,,,,,Share of deposits held in current and savings accounts rather than fixed deposits,,,
trend_K14,2026-05-01,CASA ratio,Plan,,,0.8,,,,,Share of deposits held in current and savings accounts rather than fixed deposits,,,
trend_K14,2026-06-01,CASA ratio,Actual,,,0.78605,,,,,Share of deposits held in current and savings accounts rather than fixed deposits,,,
trend_K14,2026-06-01,CASA ratio,Plan,,,0.8,,,,,Share of deposits held in current and savings accounts rather than fixed deposits,,,
trend_K14,2026-07-01,CASA ratio,Actual,,,0.781257,,,,,Share of deposits held in current and savings accounts rather than fixed deposits,,,
trend_K14,2026-07-01,CASA ratio,Plan,,,0.8,,,,,Share of deposits held in current and savings accounts rather than fixed deposits,,,
trend_K14,2026-08-01,CASA ratio,Actual,,,0.781857,,,,,Share of deposits held in current and savings accounts rather than fixed deposits,,,
trend_K14,2026-08-01,CASA ratio,Plan,,,0.8,,,,,Share of deposits held in current and savings accounts rather than fixed deposits,,,
trend_K15,2024-09-01,Cost of funds,Actual,,,0.020119,,,,,Annualised interest cost of deposits,,,
trend_K15,2024-09-01,Cost of funds,Plan,,,0.022,,,,,Annualised interest cost of deposits,,,
trend_K15,2024-10-01,Cost of funds,Actual,,,0.020186,,,,,Annualised interest cost of deposits,,,
trend_K15,2024-10-01,Cost of funds,Plan,,,0.022,,,,,Annualised interest cost of deposits,,,
trend_K15,2024-11-01,Cost of funds,Actual,,,0.020267,,,,,Annualised interest cost of deposits,,,
trend_K15,2024-11-01,Cost of funds,Plan,,,0.022,,,,,Annualised interest cost of deposits,,,
trend_K15,2024-12-01,Cost of funds,Actual,,,0.020304,,,,,Annualised interest cost of deposits,,,
trend_K15,2024-12-01,Cost of funds,Plan,,,0.022,,,,,Annualised interest cost of deposits,,,
trend_K15,2025-01-01,Cost of funds,Actual,,,0.020336,,,,,Annualised interest cost of deposits,,,
trend_K15,2025-01-01,Cost of funds,Plan,,,0.022,,,,,Annualised interest cost of deposits,,,
trend_K15,2025-02-01,Cost of funds,Actual,,,0.020376,,,,,Annualised interest cost of deposits,,,
trend_K15,2025-02-01,Cost of funds,Plan,,,0.022,,,,,Annualised interest cost of deposits,,,
trend_K15,2025-03-01,Cost of funds,Actual,,,0.021961,,,,,Annualised interest cost of deposits,,,
trend_K15,2025-03-01,Cost of funds,Plan,,,0.022,,,,,Annualised interest cost of deposits,,,
trend_K15,2025-04-01,Cost of funds,Actual,,,0.024375,,,,,Annualised interest cost of deposits,,,
trend_K15,2025-04-01,Cost of funds,Plan,,,0.022,,,,,Annualised interest cost of deposits,,,
trend_K15,2025-05-01,Cost of funds,Actual,,,0.025849,,,,,Annualised interest cost of deposits,,,
trend_K15,2025-05-01,Cost of funds,Plan,,,0.022,,,,,Annualised interest cost of deposits,,,
trend_K15,2025-06-01,Cost of funds,Actual,,,0.025959,,,,,Annualised interest cost of deposits,,,
trend_K15,2025-06-01,Cost of funds,Plan,,,0.022,,,,,Annualised interest cost of deposits,,,
trend_K15,2025-07-01,Cost of funds,Actual,,,0.025312,,,,,Annualised interest cost of deposits,,,
trend_K15,2025-07-01,Cost of funds,Plan,,,0.022,,,,,Annualised interest cost of deposits,,,
trend_K15,2025-08-01,Cost of funds,Actual,,,0.02375,,,,,Annualised interest cost of deposits,,,
trend_K15,2025-08-01,Cost of funds,Plan,,,0.02,,,,,Annualised interest cost of deposits,,,
trend_K15,2025-09-01,Cost of funds,Actual,,,0.02272,,,,,Annualised interest cost of deposits,,,
trend_K15,2025-09-01,Cost of funds,Plan,,,0.02,,,,,Annualised interest cost of deposits,,,
trend_K15,2025-10-01,Cost of funds,Actual,,,0.021165,,,,,Annualised interest cost of deposits,,,
trend_K15,2025-10-01,Cost of funds,Plan,,,0.02,,,,,Annualised interest cost of deposits,,,
trend_K15,2025-11-01,Cost of funds,Actual,,,0.019829,,,,,Annualised interest cost of deposits,,,
trend_K15,2025-11-01,Cost of funds,Plan,,,0.02,,,,,Annualised interest cost of deposits,,,
trend_K15,2025-12-01,Cost of funds,Actual,,,0.019305,,,,,Annualised interest cost of deposits,,,
trend_K15,2025-12-01,Cost of funds,Plan,,,0.02,,,,,Annualised interest cost of deposits,,,
trend_K15,2026-01-01,Cost of funds,Actual,,,0.019323,,,,,Annualised interest cost of deposits,,,
trend_K15,2026-01-01,Cost of funds,Plan,,,0.02,,,,,Annualised interest cost of deposits,,,
trend_K15,2026-02-01,Cost of funds,Actual,,,0.019323,,,,,Annualised interest cost of deposits,,,
trend_K15,2026-02-01,Cost of funds,Plan,,,0.02,,,,,Annualised interest cost of deposits,,,
trend_K15,2026-03-01,Cost of funds,Actual,,,0.019326,,,,,Annualised interest cost of deposits,,,
trend_K15,2026-03-01,Cost of funds,Plan,,,0.02,,,,,Annualised interest cost of deposits,,,
trend_K15,2026-04-01,Cost of funds,Actual,,,0.019329,,,,,Annualised interest cost of deposits,,,
trend_K15,2026-04-01,Cost of funds,Plan,,,0.02,,,,,Annualised interest cost of deposits,,,
trend_K15,2026-05-01,Cost of funds,Actual,,,0.019335,,,,,Annualised interest cost of deposits,,,
trend_K15,2026-05-01,Cost of funds,Plan,,,0.02,,,,,Annualised interest cost of deposits,,,
trend_K15,2026-06-01,Cost of funds,Actual,,,0.019341,,,,,Annualised interest cost of deposits,,,
trend_K15,2026-06-01,Cost of funds,Plan,,,0.02,,,,,Annualised interest cost of deposits,,,
trend_K15,2026-07-01,Cost of funds,Actual,,,0.019347,,,,,Annualised interest cost of deposits,,,
trend_K15,2026-07-01,Cost of funds,Plan,,,0.02,,,,,Annualised interest cost of deposits,,,
trend_K15,2026-08-01,Cost of funds,Actual,,,0.019351,,,,,Annualised interest cost of deposits,,,
trend_K15,2026-08-01,Cost of funds,Plan,,,0.02,,,,,Annualised interest cost of deposits,,,
trend_K16,2025-03-01,FD retention at maturity,Actual,,,1.0,,,,,Share of matured fixed deposit money still with the bank 30 days after maturity,,,
trend_K16,2025-03-01,FD retention at maturity,Target,,,0.75,,,,,Share of matured fixed deposit money still with the bank 30 days after maturity,,,
trend_K16,2025-04-01,FD retention at maturity,Actual,,,0.925947,,,,,Share of matured fixed deposit money still with the bank 30 days after maturity,,,
trend_K16,2025-04-01,FD retention at maturity,Target,,,0.75,,,,,Share of matured fixed deposit money still with the bank 30 days after maturity,,,
trend_K16,2025-05-01,FD retention at maturity,Actual,,,0.959377,,,,,Share of matured fixed deposit money still with the bank 30 days after maturity,,,
trend_K16,2025-05-01,FD retention at maturity,Target,,,0.75,,,,,Share of matured fixed deposit money still with the bank 30 days after maturity,,,
trend_K16,2025-06-01,FD retention at maturity,Actual,,,0.714203,,,,,Share of matured fixed deposit money still with the bank 30 days after maturity,,,
trend_K16,2025-06-01,FD retention at maturity,Target,,,0.75,,,,,Share of matured fixed deposit money still with the bank 30 days after maturity,,,
trend_K16,2025-07-01,FD retention at maturity,Actual,,,0.734971,,,,,Share of matured fixed deposit money still with the bank 30 days after maturity,,,
trend_K16,2025-07-01,FD retention at maturity,Target,,,0.75,,,,,Share of matured fixed deposit money still with the bank 30 days after maturity,,,
trend_K16,2025-08-01,FD retention at maturity,Actual,,,0.868523,,,,,Share of matured fixed deposit money still with the bank 30 days after maturity,,,
trend_K16,2025-08-01,FD retention at maturity,Target,,,0.75,,,,,Share of matured fixed deposit money still with the bank 30 days after maturity,,,
trend_K16,2025-09-01,FD retention at maturity,Actual,,,0.626875,,,,,Share of matured fixed deposit money still with the bank 30 days after maturity,,,
trend_K16,2025-09-01,FD retention at maturity,Target,,,0.75,,,,,Share of matured fixed deposit money still with the bank 30 days after maturity,,,
trend_K16,2025-10-01,FD retention at maturity,Actual,,,0.553301,,,,,Share of matured fixed deposit money still with the bank 30 days after maturity,,,
trend_K16,2025-10-01,FD retention at maturity,Target,,,0.75,,,,,Share of matured fixed deposit money still with the bank 30 days after maturity,,,
trend_K16,2025-11-01,FD retention at maturity,Actual,,,0.606325,,,,,Share of matured fixed deposit money still with the bank 30 days after maturity,,,
trend_K16,2025-11-01,FD retention at maturity,Target,,,0.75,,,,,Share of matured fixed deposit money still with the bank 30 days after maturity,,,
trend_K16,2025-12-01,FD retention at maturity,Actual,,,0.804978,,,,,Share of matured fixed deposit money still with the bank 30 days after maturity,,,
trend_K16,2025-12-01,FD retention at maturity,Target,,,0.75,,,,,Share of matured fixed deposit money still with the bank 30 days after maturity,,,
trend_K16,2026-01-01,FD retention at maturity,Actual,,,0.851359,,,,,Share of matured fixed deposit money still with the bank 30 days after maturity,,,
trend_K16,2026-01-01,FD retention at maturity,Target,,,0.75,,,,,Share of matured fixed deposit money still with the bank 30 days after maturity,,,
trend_K16,2026-02-01,FD retention at maturity,Actual,,,0.90332,,,,,Share of matured fixed deposit money still with the bank 30 days after maturity,,,
trend_K16,2026-02-01,FD retention at maturity,Target,,,0.75,,,,,Share of matured fixed deposit money still with the bank 30 days after maturity,,,
trend_K16,2026-03-01,FD retention at maturity,Actual,,,0.868038,,,,,Share of matured fixed deposit money still with the bank 30 days after maturity,,,
trend_K16,2026-03-01,FD retention at maturity,Target,,,0.75,,,,,Share of matured fixed deposit money still with the bank 30 days after maturity,,,
trend_K16,2026-04-01,FD retention at maturity,Actual,,,0.812026,,,,,Share of matured fixed deposit money still with the bank 30 days after maturity,,,
trend_K16,2026-04-01,FD retention at maturity,Target,,,0.75,,,,,Share of matured fixed deposit money still with the bank 30 days after maturity,,,
trend_K16,2026-05-01,FD retention at maturity,Actual,,,0.871582,,,,,Share of matured fixed deposit money still with the bank 30 days after maturity,,,
trend_K16,2026-05-01,FD retention at maturity,Target,,,0.75,,,,,Share of matured fixed deposit money still with the bank 30 days after maturity,,,
trend_K16,2026-06-01,FD retention at maturity,Actual,,,0.810557,,,,,Share of matured fixed deposit money still with the bank 30 days after maturity,,,
trend_K16,2026-06-01,FD retention at maturity,Target,,,0.75,,,,,Share of matured fixed deposit money still with the bank 30 days after maturity,,,
trend_K16,2026-07-01,FD retention at maturity,Actual,,,0.825919,,,,,Share of matured fixed deposit money still with the bank 30 days after maturity,,,
trend_K16,2026-07-01,FD retention at maturity,Target,,,0.75,,,,,Share of matured fixed deposit money still with the bank 30 days after maturity,,,
trend_K16,2026-08-01,FD retention at maturity,Actual,,,0.838092,,,,,Share of matured fixed deposit money still with the bank 30 days after maturity,,,
trend_K16,2026-08-01,FD retention at maturity,Target,,,0.75,,,,,Share of matured fixed deposit money still with the bank 30 days after maturity,,,
trend_K17,2025-01-01,Gross loans,Actual,,,,1.988,,,,Personal financing principal outstanding at month end,,,
trend_K17,2025-01-01,Gross loans,Target,,,,45.0,,,,Personal financing principal outstanding at month end,,,
trend_K17,2025-02-01,Gross loans,Actual,,,,4.5949,,,,Personal financing principal outstanding at month end,,,
trend_K17,2025-02-01,Gross loans,Target,,,,45.0,,,,Personal financing principal outstanding at month end,,,
trend_K17,2025-03-01,Gross loans,Actual,,,,6.2506,,,,Personal financing principal outstanding at month end,,,
trend_K17,2025-03-01,Gross loans,Target,,,,45.0,,,,Personal financing principal outstanding at month end,,,
trend_K17,2025-04-01,Gross loans,Actual,,,,8.3925,,,,Personal financing principal outstanding at month end,,,
trend_K17,2025-04-01,Gross loans,Target,,,,45.0,,,,Personal financing principal outstanding at month end,,,
trend_K17,2025-05-01,Gross loans,Actual,,,,9.8213,,,,Personal financing principal outstanding at month end,,,
trend_K17,2025-05-01,Gross loans,Target,,,,45.0,,,,Personal financing principal outstanding at month end,,,
trend_K17,2025-06-01,Gross loans,Actual,,,,12.0451,,,,Personal financing principal outstanding at month end,,,
trend_K17,2025-06-01,Gross loans,Target,,,,45.0,,,,Personal financing principal outstanding at month end,,,
trend_K17,2025-07-01,Gross loans,Actual,,,,16.0908,,,,Personal financing principal outstanding at month end,,,
trend_K17,2025-07-01,Gross loans,Target,,,,45.0,,,,Personal financing principal outstanding at month end,,,
trend_K17,2025-08-01,Gross loans,Actual,,,,19.902,,,,Personal financing principal outstanding at month end,,,
trend_K17,2025-08-01,Gross loans,Target,,,,45.0,,,,Personal financing principal outstanding at month end,,,
trend_K17,2025-09-01,Gross loans,Actual,,,,23.533,,,,Personal financing principal outstanding at month end,,,
trend_K17,2025-09-01,Gross loans,Target,,,,45.0,,,,Personal financing principal outstanding at month end,,,
trend_K17,2025-10-01,Gross loans,Actual,,,,27.7939,,,,Personal financing principal outstanding at month end,,,
trend_K17,2025-10-01,Gross loans,Target,,,,45.0,,,,Personal financing principal outstanding at month end,,,
trend_K17,2025-11-01,Gross loans,Actual,,,,31.977,,,,Personal financing principal outstanding at month end,,,
trend_K17,2025-11-01,Gross loans,Target,,,,45.0,,,,Personal financing principal outstanding at month end,,,
trend_K17,2025-12-01,Gross loans,Actual,,,,35.9489,,,,Personal financing principal outstanding at month end,,,
trend_K17,2025-12-01,Gross loans,Target,,,,45.0,,,,Personal financing principal outstanding at month end,,,
trend_K17,2026-01-01,Gross loans,Actual,,,,37.7566,,,,Personal financing principal outstanding at month end,,,
trend_K17,2026-01-01,Gross loans,Target,,,,45.0,,,,Personal financing principal outstanding at month end,,,
trend_K17,2026-02-01,Gross loans,Actual,,,,40.1991,,,,Personal financing principal outstanding at month end,,,
trend_K17,2026-02-01,Gross loans,Target,,,,45.0,,,,Personal financing principal outstanding at month end,,,
trend_K17,2026-03-01,Gross loans,Actual,,,,41.48,,,,Personal financing principal outstanding at month end,,,
trend_K17,2026-03-01,Gross loans,Target,,,,45.0,,,,Personal financing principal outstanding at month end,,,
trend_K17,2026-04-01,Gross loans,Actual,,,,43.5281,,,,Personal financing principal outstanding at month end,,,
trend_K17,2026-04-01,Gross loans,Target,,,,45.0,,,,Personal financing principal outstanding at month end,,,
trend_K17,2026-05-01,Gross loans,Actual,,,,45.2891,,,,Personal financing principal outstanding at month end,,,
trend_K17,2026-05-01,Gross loans,Target,,,,45.0,,,,Personal financing principal outstanding at month end,,,
trend_K17,2026-06-01,Gross loans,Actual,,,,46.7866,,,,Personal financing principal outstanding at month end,,,
trend_K17,2026-06-01,Gross loans,Target,,,,45.0,,,,Personal financing principal outstanding at month end,,,
trend_K17,2026-07-01,Gross loans,Actual,,,,47.7692,,,,Personal financing principal outstanding at month end,,,
trend_K17,2026-07-01,Gross loans,Target,,,,45.0,,,,Personal financing principal outstanding at month end,,,
trend_K17,2026-08-01,Gross loans,Actual,,,,49.0743,,,,Personal financing principal outstanding at month end,,,
trend_K17,2026-08-01,Gross loans,Target,,,,45.0,,,,Personal financing principal outstanding at month end,,,
trend_K18,2025-01-01,Financing disbursed,Actual,,,,1.995,,,,Personal financing paid out in the month,,,
trend_K18,2025-01-01,Financing disbursed,Target,,,,3.0,,,,Personal financing paid out in the month,,,
trend_K18,2025-02-01,Financing disbursed,Actual,,,,2.747,,,,Personal financing paid out in the month,,,
trend_K18,2025-02-01,Financing disbursed,Target,,,,3.0,,,,Personal financing paid out in the month,,,
trend_K18,2025-03-01,Financing disbursed,Actual,,,,1.852,,,,Personal financing paid out in the month,,,
trend_K18,2025-03-01,Financing disbursed,Target,,,,3.0,,,,Personal financing paid out in the month,,,
trend_K18,2025-04-01,Financing disbursed,Actual,,,,2.367,,,,Personal financing paid out in the month,,,
trend_K18,2025-04-01,Financing disbursed,Target,,,,3.0,,,,Personal financing paid out in the month,,,
trend_K18,2025-05-01,Financing disbursed,Actual,,,,1.739,,,,Personal financing paid out in the month,,,
trend_K18,2025-05-01,Financing disbursed,Target,,,,3.0,,,,Personal financing paid out in the month,,,
trend_K18,2025-06-01,Financing disbursed,Actual,,,,2.527,,,,Personal financing paid out in the month,,,
trend_K18,2025-06-01,Financing disbursed,Target,,,,3.0,,,,Personal financing paid out in the month,,,
trend_K18,2025-07-01,Financing disbursed,Actual,,,,4.4845,,,,Personal financing paid out in the month,,,
trend_K18,2025-07-01,Financing disbursed,Target,,,,3.0,,,,Personal financing paid out in the month,,,
trend_K18,2025-08-01,Financing disbursed,Actual,,,,4.347,,,,Personal financing paid out in the month,,,
trend_K18,2025-08-01,Financing disbursed,Target,,,,3.0,,,,Personal financing paid out in the month,,,
trend_K18,2025-09-01,Financing disbursed,Actual,,,,4.3035,,,,Personal financing paid out in the month,,,
trend_K18,2025-09-01,Financing disbursed,Target,,,,3.0,,,,Personal financing paid out in the month,,,
trend_K18,2025-10-01,Financing disbursed,Actual,,,,5.075,,,,Personal financing paid out in the month,,,
trend_K18,2025-10-01,Financing disbursed,Target,,,,3.0,,,,Personal financing paid out in the month,,,
trend_K18,2025-11-01,Financing disbursed,Actual,,,,5.012,,,,Personal financing paid out in the month,,,
trend_K18,2025-11-01,Financing disbursed,Target,,,,3.0,,,,Personal financing paid out in the month,,,
trend_K18,2025-12-01,Financing disbursed,Actual,,,,5.0525,,,,Personal financing paid out in the month,,,
trend_K18,2025-12-01,Financing disbursed,Target,,,,3.0,,,,Personal financing paid out in the month,,,
trend_K18,2026-01-01,Financing disbursed,Actual,,,,3.1015,,,,Personal financing paid out in the month,,,
trend_K18,2026-01-01,Financing disbursed,Target,,,,3.0,,,,Personal financing paid out in the month,,,
trend_K18,2026-02-01,Financing disbursed,Actual,,,,3.658,,,,Personal financing paid out in the month,,,
trend_K18,2026-02-01,Financing disbursed,Target,,,,3.0,,,,Personal financing paid out in the month,,,
trend_K18,2026-03-01,Financing disbursed,Actual,,,,2.8075,,,,Personal financing paid out in the month,,,
trend_K18,2026-03-01,Financing disbursed,Target,,,,3.0,,,,Personal financing paid out in the month,,,
trend_K18,2026-04-01,Financing disbursed,Actual,,,,3.5855,,,,Personal financing paid out in the month,,,
trend_K18,2026-04-01,Financing disbursed,Target,,,,3.0,,,,Personal financing paid out in the month,,,
trend_K18,2026-05-01,Financing disbursed,Actual,,,,3.337,,,,Personal financing paid out in the month,,,
trend_K18,2026-05-01,Financing disbursed,Target,,,,3.0,,,,Personal financing paid out in the month,,,
trend_K18,2026-06-01,Financing disbursed,Actual,,,,3.208,,,,Personal financing paid out in the month,,,
trend_K18,2026-06-01,Financing disbursed,Target,,,,3.0,,,,Personal financing paid out in the month,,,
trend_K18,2026-07-01,Financing disbursed,Actual,,,,2.799,,,,Personal financing paid out in the month,,,
trend_K18,2026-07-01,Financing disbursed,Target,,,,3.0,,,,Personal financing paid out in the month,,,
trend_K18,2026-08-01,Financing disbursed,Actual,,,,3.154,,,,Personal financing paid out in the month,,,
trend_K18,2026-08-01,Financing disbursed,Target,,,,3.0,,,,Personal financing paid out in the month,,,
trend_K19,2025-01-01,PAR30,Actual,,,0.0,,,,,Share of the loan book 30 or more days past due,,,
trend_K19,2025-01-01,PAR30,Plan,,,0.025,,,,,Share of the loan book 30 or more days past due,,,
trend_K19,2025-02-01,PAR30,Actual,,,0.0,,,,,Share of the loan book 30 or more days past due,,,
trend_K19,2025-02-01,PAR30,Plan,,,0.025,,,,,Share of the loan book 30 or more days past due,,,
trend_K19,2025-03-01,PAR30,Actual,,,0.0036,,,,,Share of the loan book 30 or more days past due,,,
trend_K19,2025-03-01,PAR30,Plan,,,0.025,,,,,Share of the loan book 30 or more days past due,,,
trend_K19,2025-04-01,PAR30,Actual,,,0.002681,,,,,Share of the loan book 30 or more days past due,,,
trend_K19,2025-04-01,PAR30,Plan,,,0.025,,,,,Share of the loan book 30 or more days past due,,,
trend_K19,2025-05-01,PAR30,Actual,,,0.005727,,,,,Share of the loan book 30 or more days past due,,,
trend_K19,2025-05-01,PAR30,Plan,,,0.025,,,,,Share of the loan book 30 or more days past due,,,
trend_K19,2025-06-01,PAR30,Actual,,,0.005269,,,,,Share of the loan book 30 or more days past due,,,
trend_K19,2025-06-01,PAR30,Plan,,,0.025,,,,,Share of the loan book 30 or more days past due,,,
trend_K19,2025-07-01,PAR30,Actual,,,0.005488,,,,,Share of the loan book 30 or more days past due,,,
trend_K19,2025-07-01,PAR30,Plan,,,0.025,,,,,Share of the loan book 30 or more days past due,,,
trend_K19,2025-08-01,PAR30,Actual,,,0.006521,,,,,Share of the loan book 30 or more days past due,,,
trend_K19,2025-08-01,PAR30,Plan,,,0.025,,,,,Share of the loan book 30 or more days past due,,,
trend_K19,2025-09-01,PAR30,Actual,,,0.010641,,,,,Share of the loan book 30 or more days past due,,,
trend_K19,2025-09-01,PAR30,Plan,,,0.025,,,,,Share of the loan book 30 or more days past due,,,
trend_K19,2025-10-01,PAR30,Actual,,,0.011501,,,,,Share of the loan book 30 or more days past due,,,
trend_K19,2025-10-01,PAR30,Plan,,,0.025,,,,,Share of the loan book 30 or more days past due,,,
trend_K19,2025-11-01,PAR30,Actual,,,0.015012,,,,,Share of the loan book 30 or more days past due,,,
trend_K19,2025-11-01,PAR30,Plan,,,0.025,,,,,Share of the loan book 30 or more days past due,,,
trend_K19,2025-12-01,PAR30,Actual,,,0.020627,,,,,Share of the loan book 30 or more days past due,,,
trend_K19,2025-12-01,PAR30,Plan,,,0.025,,,,,Share of the loan book 30 or more days past due,,,
trend_K19,2026-01-01,PAR30,Actual,,,0.03108,,,,,Share of the loan book 30 or more days past due,,,
trend_K19,2026-01-01,PAR30,Plan,,,0.03,,,,,Share of the loan book 30 or more days past due,,,
trend_K19,2026-02-01,PAR30,Actual,,,0.029772,,,,,Share of the loan book 30 or more days past due,,,
trend_K19,2026-02-01,PAR30,Plan,,,0.03,,,,,Share of the loan book 30 or more days past due,,,
trend_K19,2026-03-01,PAR30,Actual,,,0.03477,,,,,Share of the loan book 30 or more days past due,,,
trend_K19,2026-03-01,PAR30,Plan,,,0.03,,,,,Share of the loan book 30 or more days past due,,,
trend_K19,2026-04-01,PAR30,Actual,,,0.034611,,,,,Share of the loan book 30 or more days past due,,,
trend_K19,2026-04-01,PAR30,Plan,,,0.03,,,,,Share of the loan book 30 or more days past due,,,
trend_K19,2026-05-01,PAR30,Actual,,,0.034714,,,,,Share of the loan book 30 or more days past due,,,
trend_K19,2026-05-01,PAR30,Plan,,,0.03,,,,,Share of the loan book 30 or more days past due,,,
trend_K19,2026-06-01,PAR30,Actual,,,0.036654,,,,,Share of the loan book 30 or more days past due,,,
trend_K19,2026-06-01,PAR30,Plan,,,0.03,,,,,Share of the loan book 30 or more days past due,,,
trend_K19,2026-07-01,PAR30,Actual,,,0.032956,,,,,Share of the loan book 30 or more days past due,,,
trend_K19,2026-07-01,PAR30,Plan,,,0.03,,,,,Share of the loan book 30 or more days past due,,,
trend_K19,2026-08-01,PAR30,Actual,,,0.029851,,,,,Share of the loan book 30 or more days past due,,,
trend_K19,2026-08-01,PAR30,Plan,,,0.03,,,,,Share of the loan book 30 or more days past due,,,
trend_K20,2025-01-01,Gross impaired loans (GIL) ratio,Actual,,,0.0,,,,,"Share of the loan book impaired, meaning more than 90 days past due",,,
trend_K20,2025-01-01,Gross impaired loans (GIL) ratio,Target,,,0.02,,,,,"Share of the loan book impaired, meaning more than 90 days past due",,,
trend_K20,2025-02-01,Gross impaired loans (GIL) ratio,Actual,,,0.0,,,,,"Share of the loan book impaired, meaning more than 90 days past due",,,
trend_K20,2025-02-01,Gross impaired loans (GIL) ratio,Target,,,0.02,,,,,"Share of the loan book impaired, meaning more than 90 days past due",,,
trend_K20,2025-03-01,Gross impaired loans (GIL) ratio,Actual,,,0.0,,,,,"Share of the loan book impaired, meaning more than 90 days past due",,,
trend_K20,2025-03-01,Gross impaired loans (GIL) ratio,Target,,,0.02,,,,,"Share of the loan book impaired, meaning more than 90 days past due",,,
trend_K20,2025-04-01,Gross impaired loans (GIL) ratio,Actual,,,0.0,,,,,"Share of the loan book impaired, meaning more than 90 days past due",,,
trend_K20,2025-04-01,Gross impaired loans (GIL) ratio,Target,,,0.02,,,,,"Share of the loan book impaired, meaning more than 90 days past due",,,
trend_K20,2025-05-01,Gross impaired loans (GIL) ratio,Actual,,,0.002291,,,,,"Share of the loan book impaired, meaning more than 90 days past due",,,
trend_K20,2025-05-01,Gross impaired loans (GIL) ratio,Target,,,0.02,,,,,"Share of the loan book impaired, meaning more than 90 days past due",,,
trend_K20,2025-06-01,Gross impaired loans (GIL) ratio,Actual,,,0.001868,,,,,"Share of the loan book impaired, meaning more than 90 days past due",,,
trend_K20,2025-06-01,Gross impaired loans (GIL) ratio,Target,,,0.02,,,,,"Share of the loan book impaired, meaning more than 90 days past due",,,
trend_K20,2025-07-01,Gross impaired loans (GIL) ratio,Actual,,,0.000827,,,,,"Share of the loan book impaired, meaning more than 90 days past due",,,
trend_K20,2025-07-01,Gross impaired loans (GIL) ratio,Target,,,0.02,,,,,"Share of the loan book impaired, meaning more than 90 days past due",,,
trend_K20,2025-08-01,Gross impaired loans (GIL) ratio,Actual,,,0.000669,,,,,"Share of the loan book impaired, meaning more than 90 days past due",,,
trend_K20,2025-08-01,Gross impaired loans (GIL) ratio,Target,,,0.02,,,,,"Share of the loan book impaired, meaning more than 90 days past due",,,
trend_K20,2025-09-01,Gross impaired loans (GIL) ratio,Actual,,,0.001246,,,,,"Share of the loan book impaired, meaning more than 90 days past due",,,
trend_K20,2025-09-01,Gross impaired loans (GIL) ratio,Target,,,0.02,,,,,"Share of the loan book impaired, meaning more than 90 days past due",,,
trend_K20,2025-10-01,Gross impaired loans (GIL) ratio,Actual,,,0.002739,,,,,"Share of the loan book impaired, meaning more than 90 days past due",,,
trend_K20,2025-10-01,Gross impaired loans (GIL) ratio,Target,,,0.02,,,,,"Share of the loan book impaired, meaning more than 90 days past due",,,
trend_K20,2025-11-01,Gross impaired loans (GIL) ratio,Actual,,,0.002361,,,,,"Share of the loan book impaired, meaning more than 90 days past due",,,
trend_K20,2025-11-01,Gross impaired loans (GIL) ratio,Target,,,0.02,,,,,"Share of the loan book impaired, meaning more than 90 days past due",,,
trend_K20,2025-12-01,Gross impaired loans (GIL) ratio,Actual,,,0.002968,,,,,"Share of the loan book impaired, meaning more than 90 days past due",,,
trend_K20,2025-12-01,Gross impaired loans (GIL) ratio,Target,,,0.02,,,,,"Share of the loan book impaired, meaning more than 90 days past due",,,
trend_K20,2026-01-01,Gross impaired loans (GIL) ratio,Actual,,,0.005927,,,,,"Share of the loan book impaired, meaning more than 90 days past due",,,
trend_K20,2026-01-01,Gross impaired loans (GIL) ratio,Target,,,0.02,,,,,"Share of the loan book impaired, meaning more than 90 days past due",,,
trend_K20,2026-02-01,Gross impaired loans (GIL) ratio,Actual,,,0.007064,,,,,"Share of the loan book impaired, meaning more than 90 days past due",,,
trend_K20,2026-02-01,Gross impaired loans (GIL) ratio,Target,,,0.02,,,,,"Share of the loan book impaired, meaning more than 90 days past due",,,
trend_K20,2026-03-01,Gross impaired loans (GIL) ratio,Actual,,,0.008594,,,,,"Share of the loan book impaired, meaning more than 90 days past due",,,
trend_K20,2026-03-01,Gross impaired loans (GIL) ratio,Target,,,0.02,,,,,"Share of the loan book impaired, meaning more than 90 days past due",,,
trend_K20,2026-04-01,Gross impaired loans (GIL) ratio,Actual,,,0.011116,,,,,"Share of the loan book impaired, meaning more than 90 days past due",,,
trend_K20,2026-04-01,Gross impaired loans (GIL) ratio,Target,,,0.02,,,,,"Share of the loan book impaired, meaning more than 90 days past due",,,
trend_K20,2026-05-01,Gross impaired loans (GIL) ratio,Actual,,,0.011943,,,,,"Share of the loan book impaired, meaning more than 90 days past due",,,
trend_K20,2026-05-01,Gross impaired loans (GIL) ratio,Target,,,0.02,,,,,"Share of the loan book impaired, meaning more than 90 days past due",,,
trend_K20,2026-06-01,Gross impaired loans (GIL) ratio,Actual,,,0.012654,,,,,"Share of the loan book impaired, meaning more than 90 days past due",,,
trend_K20,2026-06-01,Gross impaired loans (GIL) ratio,Target,,,0.02,,,,,"Share of the loan book impaired, meaning more than 90 days past due",,,
trend_K20,2026-07-01,Gross impaired loans (GIL) ratio,Actual,,,0.011747,,,,,"Share of the loan book impaired, meaning more than 90 days past due",,,
trend_K20,2026-07-01,Gross impaired loans (GIL) ratio,Target,,,0.02,,,,,"Share of the loan book impaired, meaning more than 90 days past due",,,
trend_K20,2026-08-01,Gross impaired loans (GIL) ratio,Actual,,,0.012601,,,,,"Share of the loan book impaired, meaning more than 90 days past due",,,
trend_K20,2026-08-01,Gross impaired loans (GIL) ratio,Target,,,0.02,,,,,"Share of the loan book impaired, meaning more than 90 days past due",,,
trend_K21,2025-07-01,Early delinquency at month 6,Actual,,,0.031008,,,,,Share of the loans disbursed six months earlier that have ever been 30+ days past due,,,
trend_K21,2025-07-01,Early delinquency at month 6,Target,,,0.05,,,,,Share of the loans disbursed six months earlier that have ever been 30+ days past due,,,
trend_K21,2025-08-01,Early delinquency at month 6,Actual,,,0.031915,,,,,Share of the loans disbursed six months earlier that have ever been 30+ days past due,,,
trend_K21,2025-08-01,Early delinquency at month 6,Target,,,0.05,,,,,Share of the loans disbursed six months earlier that have ever been 30+ days past due,,,
trend_K21,2025-09-01,Early delinquency at month 6,Actual,,,0.022222,,,,,Share of the loans disbursed six months earlier that have ever been 30+ days past due,,,
trend_K21,2025-09-01,Early delinquency at month 6,Target,,,0.05,,,,,Share of the loans disbursed six months earlier that have ever been 30+ days past due,,,
trend_K21,2025-10-01,Early delinquency at month 6,Actual,,,0.038217,,,,,Share of the loans disbursed six months earlier that have ever been 30+ days past due,,,
trend_K21,2025-10-01,Early delinquency at month 6,Target,,,0.05,,,,,Share of the loans disbursed six months earlier that have ever been 30+ days past due,,,
trend_K21,2025-11-01,Early delinquency at month 6,Actual,,,0.025,,,,,Share of the loans disbursed six months earlier that have ever been 30+ days past due,,,
trend_K21,2025-11-01,Early delinquency at month 6,Target,,,0.05,,,,,Share of the loans disbursed six months earlier that have ever been 30+ days past due,,,
trend_K21,2025-12-01,Early delinquency at month 6,Actual,,,0.046512,,,,,Share of the loans disbursed six months earlier that have ever been 30+ days past due,,,
trend_K21,2025-12-01,Early delinquency at month 6,Target,,,0.05,,,,,Share of the loans disbursed six months earlier that have ever been 30+ days past due,,,
trend_K21,2026-01-01,Early delinquency at month 6,Actual,,,0.123684,,,,,Share of the loans disbursed six months earlier that have ever been 30+ days past due,,,
trend_K21,2026-01-01,Early delinquency at month 6,Target,,,0.05,,,,,Share of the loans disbursed six months earlier that have ever been 30+ days past due,,,
trend_K21,2026-02-01,Early delinquency at month 6,Actual,,,0.101408,,,,,Share of the loans disbursed six months earlier that have ever been 30+ days past due,,,
trend_K21,2026-02-01,Early delinquency at month 6,Target,,,0.05,,,,,Share of the loans disbursed six months earlier that have ever been 30+ days past due,,,
trend_K21,2026-03-01,Early delinquency at month 6,Actual,,,0.133858,,,,,Share of the loans disbursed six months earlier that have ever been 30+ days past due,,,
trend_K21,2026-03-01,Early delinquency at month 6,Target,,,0.05,,,,,Share of the loans disbursed six months earlier that have ever been 30+ days past due,,,
trend_K21,2026-04-01,Early delinquency at month 6,Actual,,,0.114713,,,,,Share of the loans disbursed six months earlier that have ever been 30+ days past due,,,
trend_K21,2026-04-01,Early delinquency at month 6,Target,,,0.05,,,,,Share of the loans disbursed six months earlier that have ever been 30+ days past due,,,
trend_K21,2026-05-01,Early delinquency at month 6,Actual,,,0.098592,,,,,Share of the loans disbursed six months earlier that have ever been 30+ days past due,,,
trend_K21,2026-05-01,Early delinquency at month 6,Target,,,0.05,,,,,Share of the loans disbursed six months earlier that have ever been 30+ days past due,,,
trend_K21,2026-06-01,Early delinquency at month 6,Actual,,,0.118072,,,,,Share of the loans disbursed six months earlier that have ever been 30+ days past due,,,
trend_K21,2026-06-01,Early delinquency at month 6,Target,,,0.05,,,,,Share of the loans disbursed six months earlier that have ever been 30+ days past due,,,
trend_K21,2026-07-01,Early delinquency at month 6,Actual,,,0.017699,,,,,Share of the loans disbursed six months earlier that have ever been 30+ days past due,,,
trend_K21,2026-07-01,Early delinquency at month 6,Target,,,0.05,,,,,Share of the loans disbursed six months earlier that have ever been 30+ days past due,,,
trend_K21,2026-08-01,Early delinquency at month 6,Actual,,,0.038023,,,,,Share of the loans disbursed six months earlier that have ever been 30+ days past due,,,
trend_K21,2026-08-01,Early delinquency at month 6,Target,,,0.05,,,,,Share of the loans disbursed six months earlier that have ever been 30+ days past due,,,
trend_K22,2024-09-01,Net interest income,Actual,,,,,-2011.74,,,Interest earned on performing financing less interest accrued on deposits,,,
trend_K22,2024-09-01,Net interest income,Target,,,,,200000.0,,,Interest earned on performing financing less interest accrued on deposits,,,
trend_K22,2024-10-01,Net interest income,Actual,,,,,-6626.93,,,Interest earned on performing financing less interest accrued on deposits,,,
trend_K22,2024-10-01,Net interest income,Target,,,,,200000.0,,,Interest earned on performing financing less interest accrued on deposits,,,
trend_K22,2024-11-01,Net interest income,Actual,,,,,-11164.29,,,Interest earned on performing financing less interest accrued on deposits,,,
trend_K22,2024-11-01,Net interest income,Target,,,,,200000.0,,,Interest earned on performing financing less interest accrued on deposits,,,
trend_K22,2024-12-01,Net interest income,Actual,,,,,-16997.49,,,Interest earned on performing financing less interest accrued on deposits,,,
trend_K22,2024-12-01,Net interest income,Target,,,,,200000.0,,,Interest earned on performing financing less interest accrued on deposits,,,
trend_K22,2025-01-01,Net interest income,Actual,,,,,-8703.63,,,Interest earned on performing financing less interest accrued on deposits,,,
trend_K22,2025-01-01,Net interest income,Target,,,,,200000.0,,,Interest earned on performing financing less interest accrued on deposits,,,
trend_K22,2025-02-01,Net interest income,Actual,,,,,6557.64,,,Interest earned on performing financing less interest accrued on deposits,,,
trend_K22,2025-02-01,Net interest income,Target,,,,,200000.0,,,Interest earned on performing financing less interest accrued on deposits,,,
trend_K22,2025-03-01,Net interest income,Actual,,,,,5171.36,,,Interest earned on performing financing less interest accrued on deposits,,,
trend_K22,2025-03-01,Net interest income,Target,,,,,200000.0,,,Interest earned on performing financing less interest accrued on deposits,,,
trend_K22,2025-04-01,Net interest income,Actual,,,,,6419.16,,,Interest earned on performing financing less interest accrued on deposits,,,
trend_K22,2025-04-01,Net interest income,Target,,,,,200000.0,,,Interest earned on performing financing less interest accrued on deposits,,,
trend_K22,2025-05-01,Net interest income,Actual,,,,,-2719.95,,,Interest earned on performing financing less interest accrued on deposits,,,
trend_K22,2025-05-01,Net interest income,Target,,,,,200000.0,,,Interest earned on performing financing less interest accrued on deposits,,,
trend_K22,2025-06-01,Net interest income,Actual,,,,,3672.47,,,Interest earned on performing financing less interest accrued on deposits,,,
trend_K22,2025-06-01,Net interest income,Target,,,,,200000.0,,,Interest earned on performing financing less interest accrued on deposits,,,
trend_K22,2025-07-01,Net interest income,Actual,,,,,27817.01,,,Interest earned on performing financing less interest accrued on deposits,,,
trend_K22,2025-07-01,Net interest income,Target,,,,,200000.0,,,Interest earned on performing financing less interest accrued on deposits,,,
trend_K22,2025-08-01,Net interest income,Actual,,,,,56807.11,,,Interest earned on performing financing less interest accrued on deposits,,,
trend_K22,2025-08-01,Net interest income,Target,,,,,200000.0,,,Interest earned on performing financing less interest accrued on deposits,,,
trend_K22,2025-09-01,Net interest income,Actual,,,,,88174.69,,,Interest earned on performing financing less interest accrued on deposits,,,
trend_K22,2025-09-01,Net interest income,Target,,,,,200000.0,,,Interest earned on performing financing less interest accrued on deposits,,,
trend_K22,2025-10-01,Net interest income,Actual,,,,,120680.23,,,Interest earned on performing financing less interest accrued on deposits,,,
trend_K22,2025-10-01,Net interest income,Target,,,,,200000.0,,,Interest earned on performing financing less interest accrued on deposits,,,
trend_K22,2025-11-01,Net interest income,Actual,,,,,159961.71,,,Interest earned on performing financing less interest accrued on deposits,,,
trend_K22,2025-11-01,Net interest income,Target,,,,,200000.0,,,Interest earned on performing financing less interest accrued on deposits,,,
trend_K22,2025-12-01,Net interest income,Actual,,,,,184408.46,,,Interest earned on performing financing less interest accrued on deposits,,,
trend_K22,2025-12-01,Net interest income,Target,,,,,200000.0,,,Interest earned on performing financing less interest accrued on deposits,,,
trend_K22,2026-01-01,Net interest income,Actual,,,,,186354.93,,,Interest earned on performing financing less interest accrued on deposits,,,
trend_K22,2026-01-01,Net interest income,Target,,,,,200000.0,,,Interest earned on performing financing less interest accrued on deposits,,,
trend_K22,2026-02-01,Net interest income,Actual,,,,,206253.37,,,Interest earned on performing financing less interest accrued on deposits,,,
trend_K22,2026-02-01,Net interest income,Target,,,,,200000.0,,,Interest earned on performing financing less interest accrued on deposits,,,
trend_K22,2026-03-01,Net interest income,Actual,,,,,190286.14,,,Interest earned on performing financing less interest accrued on deposits,,,
trend_K22,2026-03-01,Net interest income,Target,,,,,200000.0,,,Interest earned on performing financing less interest accrued on deposits,,,
trend_K22,2026-04-01,Net interest income,Actual,,,,,199625.32,,,Interest earned on performing financing less interest accrued on deposits,,,
trend_K22,2026-04-01,Net interest income,Target,,,,,200000.0,,,Interest earned on performing financing less interest accrued on deposits,,,
trend_K22,2026-05-01,Net interest income,Actual,,,,,193980.32,,,Interest earned on performing financing less interest accrued on deposits,,,
trend_K22,2026-05-01,Net interest income,Target,,,,,200000.0,,,Interest earned on performing financing less interest accrued on deposits,,,
trend_K22,2026-06-01,Net interest income,Actual,,,,,198004.88,,,Interest earned on performing financing less interest accrued on deposits,,,
trend_K22,2026-06-01,Net interest income,Target,,,,,200000.0,,,Interest earned on performing financing less interest accrued on deposits,,,
trend_K22,2026-07-01,Net interest income,Actual,,,,,186662.23,,,Interest earned on performing financing less interest accrued on deposits,,,
trend_K22,2026-07-01,Net interest income,Target,,,,,200000.0,,,Interest earned on performing financing less interest accrued on deposits,,,
trend_K22,2026-08-01,Net interest income,Actual,,,,,182302.05,,,Interest earned on performing financing less interest accrued on deposits,,,
trend_K22,2026-08-01,Net interest income,Target,,,,,200000.0,,,Interest earned on performing financing less interest accrued on deposits,,,
vintage,,,v1 launch policy,1,,0.0,,,,,,,,
vintage,,,v1 launch policy,2,,0.004171,,,,,,,,
vintage,,,v1 launch policy,3,,0.012513,,,,,,,,
vintage,,,v1 launch policy,4,,0.01877,,,,,,,,
vintage,,,v1 launch policy,5,,0.023983,,,,,,,,
vintage,,,v1 launch policy,6,,0.032325,,,,,,,,
vintage,,,v1 launch policy,7,,0.040667,,,,,,,,
vintage,,,v1 launch policy,8,,0.045881,,,,,,,,
vintage,,,v1 launch policy,9,,0.049009,,,,,,,,
vintage,,,v1 launch policy,10,,0.051095,,,,,,,,
vintage,,,v1 launch policy,11,,0.056309,,,,,,,,
vintage,,,v1 launch policy,12,,0.062565,,,,,,,,
vintage,,,v2 growth policy,1,,0.000398,,,,,,,,
vintage,,,v2 growth policy,2,,0.011545,,,,,,,,
vintage,,,v2 growth policy,3,,0.031449,,,,,,,,
vintage,,,v2 growth policy,4,,0.062102,,,,,,,,
vintage,,,v2 growth policy,5,,0.084395,,,,,,,,
vintage,,,v2 growth policy,6,,0.108678,,,,,,,,
vintage,,,v2 growth policy,7,,0.131369,,,,,,,,
vintage,,,v2 growth policy,8,,0.152866,,,,,,,,
vintage,,,v2 growth policy,9,,0.174503,,,,,,,,
vintage,,,v2 growth policy,10,,0.192188,,,,,,,,
vintage,,,v3 tightened policy,1,,0.000569,,,,,,,,
vintage,,,v3 tightened policy,2,,0.003929,,,,,,,,
vintage,,,v3 tightened policy,3,,0.008634,,,,,,,,
vintage,,,v3 tightened policy,4,,0.010763,,,,,,,,
